,GarageArea,AboveMedianPrice,LotArea,OverallQual,OverallCond,TotalBsmtSF,FullBath,HalfBath,BedroomAbvGr,TotRmsAbvGrd,Fireplaces
0,548,1,8450,7,5,856,2,1,3,8,0
1,460,1,9600,6,8,1262,2,0,3,6,1
2,608,1,11250,7,5,920,2,1,3,6,1
3,642,0,9550,7,5,756,1,0,3,7,1
4,836,1,14260,8,5,1145,2,1,4,9,1
5,480,0,14115,5,5,796,1,1,1,5,0
6,636,1,10084,8,5,1686,2,0,3,7,1
7,484,1,10382,7,6,1107,2,1,3,7,2
8,468,0,6120,7,5,952,2,0,2,8,2
9,205,0,7420,5,6,991,1,0,2,5,2
10,384,0,11200,5,5,1040,1,0,3,5,0
11,736,1,11924,9,5,1175,3,0,4,11,2
12,352,0,12968,5,6,912,1,0,2,4,0
13,840,1,10652,7,5,1494,2,0,3,7,1
14,352,0,10920,6,5,1253,1,1,2,5,1
15,576,0,6120,7,8,832,1,0,2,5,0
16,480,0,11241,6,7,1004,1,0,2,5,1
17,516,0,10791,4,5,0,2,0,2,6,0
18,576,0,13695,5,5,1114,1,1,3,6,0
19,294,0,7560,5,6,1029,1,0,3,6,0
20,853,1,14215,8,5,1158,3,1,4,9,1
21,280,0,7449,7,7,637,1,0,3,6,1
22,534,1,9742,8,5,1777,2,0,3,7,1
23,572,0,4224,5,7,1040,1,0,3,6,1
24,270,0,8246,5,8,1060,1,0,3,6,1
25,890,1,14230,8,5,1566,2,0,3,7,1
26,576,0,7200,5,7,900,1,0,3,5,0
27,772,1,11478,8,5,1704,2,0,3,7,1
28,319,1,16321,5,6,1484,1,0,2,6,2
29,240,0,6324,4,6,520,1,0,1,4,0
30,250,0,8500,4,4,649,1,0,3,6,0
31,271,0,8544,5,6,1228,1,1,3,6,0
32,484,1,11049,8,5,1234,2,0,3,7,0
33,447,1,10552,5,5,1398,1,1,4,6,1
34,556,1,7313,9,5,1561,2,0,2,6,1
35,691,1,13418,8,5,1117,3,1,4,9,1
36,672,0,10859,5,5,1097,1,1,3,6,0
37,498,0,8532,5,6,1297,1,0,3,5,1
38,246,0,7922,5,7,1057,1,0,3,5,0
39,0,0,6040,4,5,0,2,0,2,6,0
40,440,0,8658,6,5,1088,2,0,3,6,1
41,308,1,16905,5,6,1350,1,1,2,5,2
42,504,0,9180,5,7,840,1,0,2,5,0
43,308,0,9200,5,6,938,1,0,3,5,0
44,300,0,7945,5,6,1150,1,0,3,6,0
45,576,1,7658,9,5,1752,2,0,2,6,1
46,670,1,12822,7,5,1434,1,1,1,6,1
47,826,1,11096,8,5,1656,2,0,3,7,0
48,0,0,4456,4,5,736,2,0,2,8,0
49,386,0,7742,5,7,955,1,0,3,6,0
50,388,1,13869,6,6,794,2,0,3,6,0
51,528,0,6240,6,6,816,1,0,3,6,1
52,516,0,8472,5,5,816,1,0,2,5,0
53,894,1,50271,9,5,1842,0,1,0,5,1
54,572,0,7134,5,5,384,1,0,3,6,1
55,576,1,10175,6,5,1425,2,0,3,7,1
56,480,1,2645,8,5,970,2,1,3,7,0
57,565,1,11645,7,5,860,2,1,3,7,0
58,641,1,13682,10,5,1410,3,1,3,10,1
59,352,0,7200,5,7,780,1,0,2,4,0
60,576,0,13072,6,5,1158,1,1,3,5,0
61,288,0,7200,5,7,530,1,0,3,6,0
62,484,1,6442,8,5,1370,2,0,2,6,1
63,480,0,10300,7,6,576,2,0,3,9,0
64,645,1,9375,7,5,1057,2,1,3,8,0
65,852,1,9591,8,5,1143,2,1,4,9,1
66,576,1,19900,7,5,1947,2,0,3,7,1
67,558,1,10665,7,5,1453,2,0,3,7,0
68,220,0,4608,4,6,747,1,0,2,4,0
69,667,1,15593,7,4,1304,2,0,3,7,1
70,516,1,13651,7,6,2223,2,0,3,8,2
71,360,0,7599,4,6,845,1,0,2,4,0
72,427,1,10141,7,5,832,2,1,3,7,1
73,490,0,10200,5,7,1086,1,0,3,6,0
74,379,0,5790,3,6,840,2,0,3,8,0
75,297,0,1596,4,5,462,1,0,2,5,0
76,283,0,8475,4,7,952,1,0,2,4,0
77,240,0,8635,5,5,672,1,0,2,6,0
78,0,0,10778,4,5,1768,2,0,4,8,0
79,440,0,10440,5,6,440,1,1,2,5,0
80,509,1,13000,6,6,896,2,1,4,8,1
81,405,0,4500,6,5,1237,2,0,2,5,0
82,758,1,10206,8,5,1563,2,0,3,6,1
83,461,0,8892,5,5,1065,1,1,3,6,0
84,400,1,8530,7,5,384,2,1,3,7,1
85,462,1,16059,8,5,1288,2,1,4,9,1
86,400,1,11911,6,5,684,2,1,3,6,1
87,528,1,3951,6,5,612,2,1,2,4,0
88,0,0,8470,3,2,1013,1,0,2,6,0
89,0,0,8070,4,5,990,1,0,3,5,0
90,420,0,7200,4,5,0,1,0,2,4,0
91,480,0,8500,5,3,1235,1,0,2,6,0
92,432,1,13360,5,7,876,1,0,2,5,0
93,506,0,7200,6,6,1214,2,0,4,9,1
94,684,1,9337,6,5,824,2,1,3,7,0
95,420,1,9765,6,8,680,2,1,3,6,1
96,472,1,10264,7,5,1588,2,0,3,6,0
97,432,0,10921,4,5,960,1,0,3,6,0
98,366,0,10625,5,5,458,1,0,2,5,0
99,0,0,9320,4,5,950,1,1,3,6,0
100,480,1,10603,6,7,1610,2,0,3,6,2
101,476,1,9206,6,5,741,2,1,3,7,1
102,410,0,7018,5,5,0,2,0,4,8,0
103,740,1,10402,7,5,1226,2,0,3,6,0
104,240,1,7758,7,4,1040,1,1,4,7,2
105,648,1,9375,8,5,1053,2,1,3,9,1
106,273,0,10800,4,7,641,1,0,2,6,0
107,250,0,6000,5,5,789,1,0,2,5,0
108,0,0,8500,5,7,793,2,0,3,7,0
109,546,1,11751,6,6,1844,2,0,3,7,1
110,325,0,9525,6,4,994,2,0,4,7,0
111,400,1,7750,7,5,384,2,1,3,7,1
112,792,1,9965,7,5,1264,2,1,4,10,1
113,450,1,21000,6,5,1809,2,0,3,7,2
114,180,1,7259,6,8,1028,2,1,3,9,1
115,440,1,3230,6,5,729,2,1,2,5,1
116,288,0,11616,5,5,1092,1,0,3,6,1
117,430,0,8536,5,5,1125,1,1,2,5,0
118,594,1,12376,7,5,1673,3,0,5,11,2
119,390,1,8461,6,5,728,2,1,3,8,1
120,540,1,21453,6,5,938,1,0,1,4,2
121,264,0,6060,4,5,732,1,0,3,4,0
122,288,0,9464,6,7,1080,1,0,3,5,0
123,530,0,7892,6,5,1199,2,0,2,5,0
124,435,1,17043,6,5,1362,2,0,3,7,1
125,0,0,6780,6,8,520,1,0,2,5,0
126,440,0,4928,6,5,1078,2,0,2,5,1
127,0,0,4388,5,7,672,1,0,3,5,1
128,453,0,7590,6,5,660,1,1,3,6,1
129,750,0,8973,5,7,1008,1,1,3,6,0
130,487,1,14200,7,6,924,2,1,4,8,2
131,390,1,12224,6,5,992,2,1,3,7,1
132,624,0,7388,5,6,1063,1,0,3,7,0
133,471,1,6853,8,5,1267,2,0,2,6,0
134,440,1,10335,5,6,1461,2,1,3,7,1
135,530,1,10400,7,6,1304,2,0,3,7,1
136,318,0,10355,5,5,1214,2,0,3,5,1
137,766,1,11070,7,5,1907,3,0,5,9,0
138,660,1,9066,8,5,1004,2,1,3,7,2
139,470,1,15426,6,5,928,2,1,3,7,0
140,0,0,10500,4,5,864,1,0,3,5,1
141,660,1,11645,7,5,1734,2,0,3,7,0
142,720,1,8520,5,4,910,2,0,4,6,0
143,577,1,10335,7,5,1490,2,0,3,6,0
144,504,0,9100,5,5,1728,2,0,6,10,0
145,380,0,2522,6,5,970,2,0,3,7,0
146,180,0,6120,5,7,715,1,0,2,5,0
147,434,1,9505,7,5,884,2,1,3,8,1
148,0,0,7500,7,5,1080,1,0,3,6,0
149,240,0,6240,5,4,896,1,0,3,7,0
150,440,0,10356,5,6,969,1,1,3,5,0
151,866,1,13891,8,5,1710,2,0,2,6,1
152,495,1,14803,6,5,825,2,1,4,8,1
153,564,1,13500,6,7,1602,1,0,1,4,1
154,312,0,11340,6,5,1200,1,0,4,7,0
155,0,0,9600,6,5,572,1,0,2,5,0
156,625,0,7200,5,7,0,1,0,2,5,0
157,680,1,12003,8,5,774,2,1,4,8,1
158,678,1,12552,7,5,991,2,1,3,8,1
159,576,1,19378,7,5,1392,2,1,4,9,1
160,516,0,11120,6,6,1232,2,0,3,6,0
161,726,1,13688,9,5,1572,2,1,3,10,2
162,532,1,12182,7,5,1541,2,0,3,7,1
163,0,0,5500,4,6,882,1,0,1,4,0
164,216,0,5400,6,7,1149,2,0,3,5,0
165,0,0,10106,5,7,644,2,0,4,6,0
166,303,1,10708,5,5,1617,1,0,2,7,3
167,789,1,10562,8,5,1582,1,1,3,8,1
168,440,1,8244,7,5,840,2,1,3,7,1
169,511,1,16669,8,6,1686,2,1,2,6,1
170,660,0,12358,5,6,720,1,1,2,7,0
171,528,1,31770,6,5,1080,1,0,3,7,2
172,504,1,5306,7,7,1064,2,0,2,5,1
173,504,0,10197,6,5,1362,1,1,3,6,1
174,616,1,12416,6,5,1606,2,0,3,7,1
175,576,1,12615,6,7,1202,2,0,4,7,1
176,521,1,10029,6,5,1151,2,1,4,8,1
177,451,1,13650,5,5,1052,2,0,4,8,1
178,1166,1,17423,9,5,2216,2,0,1,9,1
179,480,0,8520,5,6,968,1,0,2,5,0
180,440,1,2117,6,5,756,2,1,3,5,1
181,216,1,7588,7,6,793,1,1,4,9,1
182,252,0,9060,5,6,0,1,0,3,7,1
183,484,1,11426,7,5,1362,2,1,3,6,0
184,576,0,7438,5,8,504,1,0,3,5,0
185,840,1,22950,10,9,1107,2,1,4,12,2
186,497,1,9947,7,5,1188,2,0,3,6,0
187,180,0,10410,5,7,660,2,1,3,8,0
188,528,0,7018,5,5,1086,0,2,2,6,2
189,682,1,4923,8,5,1593,1,1,0,5,1
190,440,1,10570,8,8,853,2,1,3,10,2
191,484,1,7472,7,9,725,1,1,4,7,0
192,666,1,9017,7,5,1431,2,0,3,6,0
193,380,0,2522,7,5,970,2,0,3,7,0
194,352,0,7180,5,7,864,1,0,3,5,0
195,440,0,2280,6,6,855,2,1,3,7,1
196,786,1,9416,7,5,1726,2,0,3,8,1
197,795,1,25419,8,4,1360,2,0,4,8,1
198,0,0,5520,6,6,755,1,0,5,8,0
199,856,1,9591,8,5,1713,2,0,3,7,1
200,440,0,8546,4,5,1121,2,0,2,5,0
201,473,1,10125,6,6,1196,2,0,3,6,2
202,398,0,7000,6,6,617,2,0,2,6,0
203,420,0,4438,6,5,848,1,0,1,3,1
204,240,0,3500,5,7,720,1,1,2,5,0
205,500,1,11851,7,5,1424,2,0,3,5,0
206,349,0,13673,5,5,1140,1,1,3,8,1
207,312,0,12493,4,5,1100,1,0,3,6,1
208,454,1,14364,7,5,1157,2,1,3,7,1
209,504,0,8250,6,7,1092,1,0,3,6,0
210,0,0,5604,5,6,864,1,0,2,5,0
211,460,1,10420,6,5,1212,2,0,3,6,0
212,644,1,8640,7,5,900,2,1,3,7,1
213,576,0,13568,5,5,990,1,0,3,5,0
214,299,0,10900,6,7,689,1,1,3,6,0
215,447,0,10011,5,6,1070,1,0,2,6,1
216,484,1,8450,7,5,1436,2,0,3,8,0
217,210,0,9906,4,4,686,1,0,3,8,0
218,431,1,15660,7,9,798,1,1,3,8,2
219,438,1,3010,7,5,1248,2,0,2,5,0
220,675,1,8990,7,5,1498,2,0,2,5,0
221,390,1,8068,6,5,1010,2,1,4,8,1
222,434,1,11475,6,6,713,2,1,3,6,1
223,576,0,10500,4,6,864,1,0,2,4,0
224,968,1,13472,10,5,2392,2,0,3,8,1
225,280,0,1680,5,5,630,2,1,3,6,0
226,721,1,9950,7,5,1203,2,1,4,9,1
227,280,0,1869,6,6,483,1,1,2,5,0
228,336,0,8521,5,5,912,1,0,3,5,1
229,430,1,3182,7,5,1373,2,0,2,7,1
230,312,0,8760,6,6,1194,1,0,3,6,0
231,810,1,15138,8,5,1462,2,1,4,9,1
232,288,0,1680,6,5,483,1,1,2,5,1
233,308,0,10650,5,6,894,1,0,3,5,0
234,440,1,7851,6,5,860,2,1,4,8,2
235,264,0,1680,6,3,483,1,1,2,5,0
236,494,1,8773,7,5,1414,2,0,3,6,0
237,457,1,9453,7,7,996,2,1,3,7,0
238,818,1,12030,8,5,1694,2,0,3,7,0
239,220,0,8741,6,4,735,1,1,3,7,1
240,750,1,9000,8,5,1566,2,0,3,7,0
241,0,0,3880,5,9,686,1,0,2,4,0
242,352,0,5000,5,4,540,1,0,3,6,0
243,288,0,10762,6,6,626,1,1,3,6,1
244,463,1,8880,7,5,948,2,1,3,8,2
245,604,1,10400,7,5,1845,2,0,3,6,1
246,440,0,9142,6,8,1020,2,0,4,9,0
247,451,0,11310,6,5,1367,1,0,2,5,1
248,500,1,11317,7,5,840,2,1,3,8,0
249,389,1,159000,6,7,1444,2,0,4,7,2
250,0,0,5350,3,2,728,1,0,3,6,0
251,538,1,4750,8,5,1573,2,0,2,5,1
252,520,1,8366,6,5,798,2,1,3,6,0
253,309,0,9350,6,7,1302,2,0,3,7,0
254,294,0,8400,5,6,1314,1,0,3,5,0
255,429,1,8738,7,5,975,2,1,4,8,1
256,673,1,8791,6,5,864,2,1,3,7,0
257,660,1,8814,7,5,1604,2,1,3,8,1
258,564,1,12435,7,5,963,2,1,3,7,1
259,308,0,12702,5,5,0,1,0,2,4,0
260,884,1,19296,6,5,1362,1,0,3,6,1
261,868,1,9588,8,5,1482,2,1,3,10,1
262,492,0,8471,6,7,506,1,0,3,6,1
263,484,0,5500,5,7,926,1,0,3,6,0
264,504,0,5232,5,5,680,1,0,2,4,0
265,576,1,12090,6,6,1422,2,0,3,7,1
266,413,1,11207,6,5,802,2,1,3,8,1
267,240,1,8400,5,8,720,2,1,4,8,1
268,924,0,6900,5,6,740,1,0,2,4,1
269,504,0,7917,6,7,1143,1,1,3,6,1
270,1053,1,10728,8,5,1095,2,1,3,8,1
271,439,1,39104,7,7,1385,1,0,2,5,2
272,671,1,11764,8,7,1152,2,1,4,9,1
273,338,0,9600,6,6,1240,2,0,3,6,1
274,264,0,8314,5,7,816,1,0,2,5,0
275,672,1,7264,7,7,952,2,1,3,5,0
276,573,1,9196,7,5,1560,2,0,3,7,0
277,400,0,19138,4,5,864,1,0,2,4,0
278,732,1,14450,9,5,2121,2,1,3,8,1
279,505,1,10005,7,5,1160,2,1,4,8,1
280,575,1,11287,7,6,807,2,1,3,7,1
281,572,1,7200,6,5,1262,2,0,2,5,0
282,626,1,5063,7,5,1314,2,0,2,6,1
283,898,1,9612,8,5,1468,2,0,3,6,1
284,529,1,8012,6,5,1575,2,0,2,5,0
285,528,1,4251,7,5,625,2,1,2,5,0
286,440,0,9786,6,7,912,1,1,3,7,1
287,0,0,8125,4,4,858,1,0,3,5,0
288,280,0,9819,5,5,882,1,0,3,5,0
289,384,0,8730,6,7,698,1,0,3,7,0
290,685,1,15611,8,5,1079,2,1,3,8,1
291,0,0,5687,5,6,780,2,0,6,9,0
292,281,0,11409,5,4,768,1,1,3,8,1
293,539,1,16659,7,7,795,2,1,3,9,1
294,418,1,9600,6,5,1416,1,0,3,7,2
295,588,0,7937,6,6,1003,1,0,3,6,0
296,282,0,13710,5,5,910,1,1,4,6,0
297,576,1,7399,7,5,975,2,1,3,7,1
298,539,1,11700,6,6,702,1,2,3,7,1
299,300,0,14000,6,8,1092,1,0,3,6,1
300,375,0,15750,5,5,1165,1,0,2,5,2
301,683,1,16226,8,5,1028,2,1,4,9,1
302,843,1,13704,7,5,1541,2,0,3,6,1
303,552,0,9800,5,7,894,1,0,3,5,0
304,870,1,18386,7,9,1470,3,0,3,10,1
305,888,1,10386,8,5,2000,2,0,3,8,0
306,746,1,13474,7,5,700,2,1,4,8,1
307,0,0,7920,6,7,319,1,0,3,6,0
308,539,0,12342,4,5,861,1,0,1,4,0
309,708,1,12378,9,5,1896,2,0,3,8,3
310,420,1,7685,6,5,697,2,1,3,6,1
311,240,0,8000,6,6,972,1,0,2,5,1
312,410,0,7800,5,7,793,1,0,3,5,1
313,513,1,215245,7,5,2136,2,0,3,8,2
314,546,1,9600,7,7,728,1,1,3,6,1
315,432,1,7795,7,5,716,2,1,3,6,1
316,484,1,13005,7,7,845,2,1,4,10,1
317,1025,1,9000,8,5,1088,2,1,3,8,1
318,656,1,9900,7,5,1347,2,1,4,9,1
319,588,1,14115,7,5,1372,2,0,3,6,2
320,840,1,16259,9,5,1249,3,1,4,9,0
321,872,1,12099,8,5,1136,2,1,4,10,1
322,576,1,10380,7,5,1502,2,1,4,8,1
323,220,0,5820,3,8,1162,1,0,3,6,0
324,564,1,11275,7,7,710,2,1,5,11,1
325,360,0,5000,5,6,720,1,0,2,5,0
326,473,1,10846,8,5,1719,1,1,1,6,2
327,292,0,11600,6,5,1383,1,1,3,7,0
328,441,1,11888,6,6,844,2,0,5,10,0
329,189,0,6402,5,5,596,1,0,3,6,0
330,352,0,10624,5,4,1728,2,0,6,10,0
331,308,0,8176,5,6,1056,1,0,3,6,0
332,880,1,10655,8,5,3206,2,0,3,7,1
333,484,1,8198,7,5,1358,2,0,2,6,1
334,472,1,9042,6,5,943,2,1,3,7,2
335,529,1,164660,5,6,1499,2,0,3,7,2
336,676,1,14157,9,5,1922,2,0,3,8,1
337,532,1,9135,7,5,1536,2,0,3,7,0
338,440,1,14145,7,7,1208,2,0,3,8,0
339,297,0,12400,6,7,1215,1,0,3,6,0
340,431,1,14191,8,5,967,2,1,4,9,0
341,294,0,8400,4,4,721,1,0,2,4,0
342,400,0,8544,3,4,0,2,0,2,6,0
343,564,1,8849,9,5,1684,2,0,2,6,1
344,336,0,2592,5,3,536,1,1,3,4,0
345,312,0,6435,6,5,972,1,0,3,6,1
346,301,0,12772,6,8,958,1,0,2,5,0
347,498,0,17600,6,5,1478,2,0,3,6,2
348,474,0,2448,7,5,764,2,1,2,6,0
349,706,1,20431,9,5,1848,2,1,4,10,2
350,617,1,7820,9,5,1869,2,0,2,6,1
351,445,1,5271,7,5,1453,1,1,2,6,1
352,200,0,9084,5,6,616,1,0,3,5,0
353,484,0,8520,6,8,624,1,0,2,5,0
354,240,0,8400,6,5,940,1,0,2,6,2
355,521,1,11249,6,5,1200,2,0,3,6,0
356,400,1,9248,6,6,1158,2,0,3,6,0
357,528,0,4224,5,5,1142,1,1,3,6,1
358,288,0,6930,5,4,1062,1,0,3,6,0
359,592,1,12011,8,5,1086,2,1,3,7,1
360,470,0,7540,6,6,888,1,0,2,5,1
361,240,0,9144,5,5,883,1,0,3,8,0
362,672,1,7301,7,5,0,3,0,4,7,1
363,264,0,1680,6,8,483,1,1,2,5,0
364,566,1,18800,6,5,796,2,1,3,6,1
365,468,0,10690,5,7,672,1,0,3,6,0
366,514,0,9500,6,5,1394,1,1,3,6,2
367,296,1,9150,6,5,1099,1,0,3,6,1
368,244,0,7800,5,6,1268,1,0,2,7,1
369,576,0,9830,5,7,1063,1,0,3,7,1
370,460,1,8121,6,5,953,2,1,3,7,1
371,680,0,17120,4,4,0,2,0,4,7,1
372,264,0,7175,6,5,744,1,0,2,4,0
373,270,0,10634,5,6,608,1,0,3,5,0
374,434,1,8200,7,5,847,2,1,4,8,1
375,0,0,10020,1,1,683,0,1,1,4,0
376,576,0,8846,5,5,870,1,0,2,5,0
377,610,1,11143,8,5,1580,3,0,4,8,1
378,834,1,11394,9,2,1856,1,1,1,8,1
379,463,1,8123,6,5,982,2,1,3,7,1
380,308,0,5000,5,6,1026,2,0,3,6,1
381,572,1,7200,7,5,1293,2,0,2,5,1
382,639,1,9245,7,5,939,2,1,3,8,0
383,360,0,9000,6,3,784,1,0,2,5,0
384,501,1,53107,6,5,1580,2,1,3,9,2
385,430,1,3182,8,5,1256,2,0,2,6,1
386,0,0,8410,5,3,658,1,0,5,8,0
387,352,0,7200,6,6,1041,1,0,3,6,1
388,577,1,9382,7,5,1468,2,0,3,6,0
389,846,1,12474,10,5,1682,2,1,3,9,1
390,384,0,8405,5,8,861,1,0,4,7,0
391,560,1,12209,6,5,804,2,1,3,7,1
392,294,0,8339,5,7,0,1,0,3,5,0
393,0,0,7446,4,5,788,1,0,2,4,2
394,240,0,10134,5,6,735,1,0,2,5,0
395,596,0,9571,5,6,1144,1,0,3,6,0
396,600,0,7200,5,5,894,1,0,2,6,0
397,264,1,7590,5,5,864,2,0,4,8,1
398,338,0,8967,5,2,961,1,0,2,6,0
399,438,1,8125,7,5,1092,2,0,2,7,0
400,500,1,14963,8,5,1260,1,1,1,4,2
401,400,1,8767,7,5,1310,2,0,3,6,1
402,240,0,10200,5,8,672,1,0,2,4,0
403,420,1,12090,8,5,1141,2,1,4,10,1
404,373,1,10364,6,5,806,2,1,3,7,1
405,490,0,9991,4,4,1281,2,0,3,8,1
406,240,0,10480,6,5,1064,1,0,3,6,0
407,308,1,15576,6,7,840,2,0,4,8,0
408,947,1,14154,7,5,1063,2,1,3,9,1
409,836,1,10800,8,5,1034,2,1,3,8,1
410,350,0,9571,5,3,1276,1,0,3,5,0
411,572,0,34650,5,5,1056,1,0,3,5,0
412,484,1,4403,7,5,1470,2,1,2,7,1
413,360,0,8960,5,6,1008,1,0,2,5,1
414,678,1,11228,7,5,1080,2,1,3,9,1
415,396,1,8899,7,5,1340,2,0,3,6,0
416,440,0,7844,6,7,672,1,1,3,6,1
417,864,1,22420,6,6,1370,2,1,4,10,1
418,240,0,8160,5,6,756,1,1,3,7,0
419,304,0,8450,5,6,1056,1,0,3,6,1
420,784,1,7060,7,5,1344,2,0,2,8,0
421,529,1,16635,6,7,1602,2,0,3,8,1
422,520,0,21750,5,5,988,1,0,2,4,0
423,696,1,9200,8,5,1470,2,1,4,8,1
424,297,0,9000,6,5,1196,1,0,2,6,1
425,240,0,3378,7,8,651,1,1,3,6,2
426,569,1,12800,7,5,1518,2,0,2,5,1
427,352,0,8593,4,6,907,1,0,3,5,0
428,628,1,6762,7,5,1208,2,0,2,6,0
429,576,1,11457,6,5,1392,2,0,3,6,1
430,264,0,1680,6,5,483,1,1,2,4,0
431,0,0,5586,6,7,901,1,0,4,7,0
432,440,0,1920,5,5,765,1,1,2,6,0
433,470,1,10839,6,5,926,2,1,3,7,1
434,0,0,1890,4,7,630,1,0,1,3,0
435,550,1,10667,7,6,799,2,1,3,6,1
436,440,0,4400,6,8,648,1,0,2,6,0
437,180,0,6000,6,7,884,1,0,2,4,0
438,352,0,4280,5,6,440,1,0,2,4,1
439,528,0,12354,6,8,684,1,0,3,7,0
440,672,1,15431,10,5,3094,2,0,2,10,2
441,0,0,12108,4,4,1440,2,0,4,8,0
442,360,0,6240,5,7,1078,2,0,3,8,1
443,648,1,3922,7,5,1258,2,0,2,6,1
444,493,1,8750,7,5,915,2,1,4,8,1
445,480,0,9855,6,5,1436,1,0,3,7,1
446,578,1,16492,6,6,1517,2,1,2,6,1
447,431,1,11214,7,5,930,2,1,4,10,1
448,198,0,8600,6,6,780,2,0,3,7,1
449,308,0,6000,3,7,649,1,1,2,6,0
450,270,0,5684,6,8,813,1,0,2,5,0
451,576,1,70761,7,5,1533,2,0,2,5,2
452,422,1,9303,6,5,872,2,1,3,7,0
453,676,1,9000,8,5,768,2,1,3,6,0
454,560,1,9297,5,5,1728,2,0,4,8,0
455,528,1,9600,7,6,1242,1,1,3,6,1
456,513,0,4571,5,5,624,1,0,4,7,0
457,529,1,53227,4,6,1364,1,0,2,6,2
458,228,0,5100,8,7,588,1,0,3,7,1
459,352,0,7015,5,4,709,1,0,3,5,1
460,552,1,8004,8,5,832,2,1,3,8,0
461,576,0,7200,7,9,560,1,0,3,6,0
462,360,0,8281,5,5,864,1,0,3,5,1
463,240,1,11988,6,7,715,1,1,3,6,1
464,0,0,8430,5,5,1040,2,0,3,5,0
465,398,1,3072,7,5,1375,2,0,2,6,1
466,526,1,10628,7,5,1277,1,0,2,5,1
467,312,0,9480,5,7,728,1,1,3,7,2
468,866,1,11428,8,5,1626,2,0,3,7,1
469,506,1,9291,6,5,832,2,1,3,7,0
470,528,1,6820,8,5,1488,1,1,1,4,0
471,534,1,11952,7,6,808,2,1,3,8,1
472,525,0,3675,6,5,547,1,0,2,5,0
473,908,1,14977,8,5,1976,2,0,2,7,1
474,499,1,5330,8,5,1494,2,0,2,6,0
475,624,0,8480,5,6,970,1,0,2,5,0
476,508,1,13125,6,5,1478,2,0,3,7,1
477,694,1,13693,9,5,2153,2,1,3,9,1
478,826,1,10637,8,5,1705,2,0,3,7,1
479,672,0,5925,4,7,907,1,0,2,7,0
480,772,1,16033,9,5,1833,2,0,3,8,1
481,874,1,11846,9,5,1792,2,0,2,6,1
482,164,0,2500,7,8,910,1,1,4,7,1
483,402,1,4500,6,5,1216,2,0,2,5,0
484,264,0,7758,5,7,999,1,0,3,6,0
485,264,0,9600,5,7,1113,1,0,3,5,1
486,515,0,10289,5,7,1073,1,1,3,6,0
487,487,1,12243,5,6,1484,2,0,3,7,1
488,520,0,10800,5,4,954,2,0,3,10,1
489,286,0,1526,4,8,630,1,0,1,3,0
490,336,0,2665,5,6,264,1,1,3,4,1
491,240,0,9490,6,7,806,1,0,3,5,2
492,429,1,15578,6,5,728,2,1,3,8,0
493,308,0,7931,5,6,1269,1,1,3,6,1
494,273,0,5784,5,8,190,1,0,2,4,0
495,0,0,7879,4,5,720,1,0,2,4,0
496,546,1,12692,8,5,3200,3,0,4,10,1
497,240,1,9120,7,6,1026,2,0,4,8,0
498,288,0,7800,5,7,864,1,0,3,5,0
499,297,0,7535,5,7,912,1,0,2,5,0
500,264,0,1890,6,5,672,1,1,3,7,0
501,603,1,9803,7,5,866,2,1,3,7,0
502,461,0,9170,5,7,1214,1,0,2,6,0
503,484,1,15602,7,8,1501,2,0,1,6,2
504,440,0,2308,6,5,855,2,1,3,6,1
505,400,0,7596,5,5,960,2,0,4,10,0
506,471,1,9554,8,5,777,2,1,3,8,1
507,676,1,7862,6,5,1218,2,0,2,4,0
508,360,0,9600,7,9,689,2,0,3,7,1
509,270,0,9600,5,6,1041,1,0,3,6,0
510,288,1,14559,5,7,1008,1,0,2,6,2
511,474,1,6792,7,5,1368,2,0,2,6,1
512,624,0,9100,5,5,864,1,0,3,5,0
513,484,0,9187,6,5,1084,1,1,3,5,0
514,200,0,10594,5,5,768,1,0,2,5,0
515,900,1,12220,10,5,2006,2,1,3,9,1
516,583,0,10448,6,6,689,2,1,3,7,1
517,889,1,10208,7,5,1264,2,1,3,7,1
518,546,1,9531,6,5,794,2,1,3,7,0
519,282,1,10918,7,9,1276,1,1,3,9,2
520,0,0,10800,4,7,0,2,0,3,7,0
521,336,0,11988,6,6,1244,1,1,3,6,2
522,420,0,5000,6,7,1004,2,0,3,7,2
523,884,1,40094,10,5,3138,3,1,3,11,1
524,834,1,11787,7,5,1379,2,1,3,8,1
525,453,1,7500,7,5,1257,2,0,3,6,1
526,252,0,13300,5,7,928,1,0,2,4,0
527,858,1,14948,9,5,1452,2,1,3,11,1
528,0,0,9098,4,7,528,1,0,2,5,0
529,484,1,32668,6,3,2035,3,0,4,9,2
530,600,1,10200,6,5,1461,2,0,3,5,1
531,502,0,6155,6,8,611,2,0,3,6,0
532,392,0,7200,5,7,0,1,0,2,5,1
533,0,0,5000,1,3,0,1,0,1,2,0
534,403,1,9056,8,5,707,2,1,3,6,1
535,0,0,7000,5,7,1117,1,0,3,5,0
536,527,1,8924,7,5,880,2,1,3,8,0
537,576,0,12735,4,5,864,1,0,3,5,0
538,336,0,11553,5,5,1051,1,1,3,7,1
539,670,1,11423,8,5,1581,2,0,3,6,1
540,765,1,14601,9,5,1838,2,0,2,8,1
541,648,1,11000,8,5,969,2,1,4,8,1
542,583,1,10140,7,5,1650,2,0,3,7,1
543,367,0,4058,7,5,723,1,0,1,4,0
544,426,1,17104,7,5,654,2,1,3,7,1
545,786,1,13837,7,5,1204,2,1,4,9,0
546,440,1,8737,6,7,1065,1,1,3,6,1
547,624,0,7244,5,7,768,1,0,2,5,0
548,720,0,8235,5,7,825,1,0,2,4,0
549,615,1,9375,7,5,912,2,1,4,8,1
550,440,0,4043,6,6,1069,2,0,2,4,0
551,288,0,6000,5,6,928,1,0,3,5,0
552,908,1,11146,8,5,1709,2,0,3,7,1
553,520,0,8777,4,5,0,2,0,2,5,0
554,871,1,10625,7,5,998,2,1,3,8,1
555,280,0,6380,5,6,993,1,0,2,5,1
556,299,0,14850,5,5,1092,1,0,2,6,1
557,570,0,11040,4,6,637,1,1,3,7,0
558,406,1,21872,7,5,729,2,1,3,6,1
559,420,1,3196,7,5,1374,2,0,2,7,1
560,528,0,11341,5,6,1392,1,1,3,5,1
561,418,1,10010,5,5,1389,1,0,2,6,1
562,0,0,13907,5,6,996,1,0,3,6,1
563,396,1,21780,6,7,1163,2,0,4,8,1
564,590,1,13346,7,5,1095,2,1,4,9,1
565,216,0,6858,6,4,806,1,1,4,6,0
566,656,1,11198,9,5,1122,2,1,4,11,1
567,532,1,10171,7,5,1517,2,0,3,7,0
568,612,1,12327,8,8,1496,1,1,1,5,1
569,600,0,7032,5,5,943,1,0,2,4,2
570,576,0,13101,5,5,1728,2,0,6,10,0
571,288,0,7332,6,6,864,1,0,2,4,0
572,650,1,13159,7,5,846,2,1,3,6,0
573,400,1,9967,7,5,384,2,1,3,8,1
574,288,0,10500,5,7,372,1,0,3,5,0
575,336,0,8480,5,5,832,1,0,2,6,0
576,216,0,6292,7,7,861,2,0,3,6,1
577,564,1,11777,5,6,1164,1,0,3,6,2
578,540,0,3604,7,5,689,2,0,2,5,0
579,352,0,12150,5,5,1050,2,0,4,7,0
580,572,1,14585,6,6,1144,1,0,3,7,2
581,1390,1,12704,8,5,2042,2,1,3,8,1
582,0,0,11841,6,5,816,1,0,3,5,0
583,880,1,13500,10,9,1237,3,1,3,9,1
584,240,0,6120,4,7,884,1,0,3,6,0
585,880,1,11443,8,5,1868,2,0,2,7,2
586,275,0,10267,6,7,816,1,0,2,5,0
587,528,0,8740,5,6,840,1,0,2,4,0
588,452,0,25095,5,8,1437,1,0,1,5,2
589,308,0,9100,5,6,742,1,0,2,4,0
590,520,1,8320,7,5,770,2,1,3,6,0
591,842,1,13478,10,5,1722,2,1,3,10,1
592,816,0,6600,5,8,816,1,0,2,4,0
593,420,0,4435,6,5,848,1,0,1,4,0
594,280,0,7990,5,6,924,1,0,3,5,0
595,758,1,11302,8,5,1814,2,0,3,7,1
596,216,0,3600,6,7,684,1,0,3,7,0
597,648,1,3922,7,5,1258,0,2,2,7,1
598,621,1,12984,5,6,1430,2,0,3,7,1
599,452,0,1950,6,6,716,2,1,3,6,1
600,736,1,10927,8,5,1058,2,1,3,8,1
601,544,0,9000,6,6,780,1,1,3,6,1
602,506,1,10041,8,5,908,2,1,3,8,1
603,480,0,3182,7,5,600,2,1,2,4,0
604,530,1,12803,7,5,1494,2,0,3,6,1
605,486,1,13600,7,6,768,2,1,3,7,3
606,576,0,12464,5,5,1040,1,0,3,6,0
607,230,1,7800,5,8,896,3,0,3,8,0
608,380,1,12168,8,6,965,2,1,4,10,2
609,261,0,7943,4,5,1029,1,0,3,5,0
610,736,1,11050,9,5,1440,2,1,3,8,2
611,564,0,10395,6,6,1032,2,0,3,6,1
612,531,1,11885,8,5,1299,2,1,3,7,1
613,0,0,8402,5,5,1120,1,0,3,6,0
614,0,0,1491,4,6,630,1,0,1,3,0
615,480,0,8800,6,7,936,1,0,3,6,0
616,393,1,7861,6,5,783,2,1,3,7,1
617,528,0,7227,6,6,832,1,0,2,4,0
618,774,1,11694,9,5,1822,2,0,3,9,1
619,749,1,12244,8,5,1482,2,1,4,10,2
620,0,0,8248,3,3,864,1,0,2,5,0
621,624,1,10800,6,7,1522,2,1,4,9,1
622,484,0,7064,5,6,980,1,0,3,6,0
623,440,1,2117,6,5,756,2,1,2,4,1
624,484,1,10400,6,5,732,1,2,4,8,1
625,440,0,10000,6,6,1116,1,1,3,5,0
626,286,0,12342,5,5,978,1,0,3,6,1
627,364,0,9600,6,6,1156,1,0,3,7,2
628,504,0,11606,5,5,1040,1,2,5,9,2
629,520,1,9020,6,5,1248,1,1,3,6,0
630,240,0,9000,5,6,636,1,0,3,8,0
631,627,1,4590,8,5,1554,2,0,2,6,1
632,544,0,11900,7,5,1386,2,0,3,6,1
633,260,0,9250,5,7,1056,1,0,3,6,0
634,576,0,6979,6,5,1056,0,0,0,4,0
635,0,1,10896,6,7,1440,2,0,8,14,0
636,0,0,6120,2,3,264,1,0,1,4,1
637,256,0,6000,5,4,811,2,0,3,7,0
638,0,0,8777,5,7,796,1,0,2,4,0
639,648,1,3982,8,5,1520,2,0,1,7,1
640,588,1,12677,8,5,1518,1,1,1,6,1
641,650,1,7050,7,5,1057,2,1,3,7,1
642,538,1,13860,8,7,1952,2,1,4,9,3
643,462,0,10793,5,5,780,2,1,4,7,0
644,478,1,9187,9,5,1766,2,1,2,7,1
645,576,0,10530,6,5,981,1,1,3,5,0
646,420,0,7200,5,5,0,1,0,3,7,0
647,495,0,10452,6,5,1094,1,0,3,5,2
648,442,0,7700,6,5,756,1,1,4,7,1
649,0,0,1936,4,6,630,1,0,1,3,0
650,562,1,8125,7,6,813,2,1,3,7,0
651,296,0,9084,4,5,755,1,0,4,7,1
652,512,1,8750,7,5,880,2,1,2,7,1
653,216,0,10320,6,7,756,1,0,3,7,0
654,839,1,10437,8,6,2109,2,1,2,7,1
655,264,0,1680,6,5,525,1,1,3,6,0
656,312,0,10007,5,7,1053,1,1,3,5,0
657,270,0,7200,7,6,776,1,1,3,6,1
658,330,0,17503,6,5,912,1,0,3,6,1
659,480,1,9937,5,7,1486,1,0,3,7,0
660,550,1,12384,7,7,793,2,1,3,7,1
661,711,1,46589,8,7,1629,2,1,4,8,1
662,576,0,13560,6,3,1392,1,0,2,5,2
663,588,0,10012,4,5,1138,2,0,3,6,0
664,1134,1,20896,8,5,2077,1,1,1,8,1
665,504,1,11194,8,5,1406,2,1,3,7,1
666,596,0,18450,6,5,1021,2,1,3,7,1
667,575,1,8125,6,5,1408,2,0,3,7,1
668,576,1,14175,5,6,1188,1,1,3,6,1
669,252,0,11600,4,5,700,1,0,2,5,1
670,540,1,8633,6,5,738,2,1,3,7,0
671,300,0,6629,6,6,672,2,0,3,6,0
672,546,1,11250,6,6,1208,1,1,3,6,1
673,416,1,14442,6,7,1477,2,0,3,7,2
674,384,0,9200,6,6,1136,1,0,3,5,1
675,440,0,2289,6,6,855,2,1,3,7,1
676,779,0,9600,4,2,1095,2,0,4,8,0
677,240,0,9022,5,8,768,1,0,2,5,0
678,834,1,11844,8,5,2046,2,1,3,7,1
679,572,0,9945,5,5,988,1,0,3,5,0
680,264,0,8012,6,5,923,2,0,2,5,1
681,281,0,4500,5,5,793,1,0,3,6,0
682,431,1,2887,6,5,1291,1,0,2,6,1
683,702,1,11248,9,5,1626,2,0,3,7,1
684,486,1,16770,7,5,1195,2,1,4,7,0
685,577,1,5062,7,5,1190,2,0,3,6,1
686,578,1,10207,7,6,874,3,0,3,7,0
687,480,0,5105,7,5,551,2,1,2,4,0
688,567,1,8089,8,6,1419,2,0,2,7,1
689,460,1,7577,6,5,1362,2,0,2,6,1
690,420,0,4426,6,5,848,1,0,1,3,1
691,832,1,21535,10,6,2444,3,1,4,10,2
692,628,1,26178,7,5,1210,2,1,4,9,2
693,326,0,5400,5,6,1073,1,0,2,4,0
694,576,0,6120,5,6,927,1,1,3,5,0
695,551,1,13811,6,6,1112,2,0,2,5,1
696,205,0,6000,5,7,616,1,0,2,4,0
697,308,0,6420,5,7,980,1,0,2,6,0
698,336,0,8450,5,8,894,1,0,3,5,1
699,530,1,4282,7,5,1391,2,0,2,5,0
700,765,1,14331,8,5,1800,2,0,3,7,1
701,528,0,9600,7,5,1164,1,1,3,6,0
702,666,1,12438,8,5,1234,2,1,4,10,1
703,672,0,7630,5,9,360,2,0,4,8,1
704,606,1,8400,7,5,1473,2,0,3,7,0
705,0,0,5600,4,5,0,2,0,3,7,0
706,739,1,115149,7,5,1643,2,0,2,5,2
707,550,1,6240,8,5,1324,2,0,2,6,1
708,400,1,9018,7,5,728,2,1,3,8,1
709,408,0,7162,5,7,876,1,0,3,6,0
710,0,0,4130,3,6,270,1,0,2,5,0
711,384,0,8712,4,7,859,1,0,2,7,0
712,472,1,4671,8,5,1228,2,0,2,5,1
713,576,0,9873,4,5,960,1,0,3,6,0
714,475,0,13517,6,8,725,2,1,3,6,0
715,478,1,10140,6,5,1064,2,0,3,7,1
716,704,0,10800,7,8,718,1,1,3,8,0
717,439,0,10000,5,6,1176,1,1,3,5,1
718,983,1,10542,7,5,1311,2,1,3,9,1
719,300,0,9920,5,6,971,1,1,3,5,1
720,564,1,6563,8,5,1742,2,0,2,5,1
721,420,0,4426,6,5,848,1,0,1,3,0
722,463,0,8120,4,7,864,1,0,3,5,0
723,548,0,8172,4,6,941,2,0,4,7,0
724,768,1,13286,9,5,1698,2,0,3,8,1
725,660,0,6960,4,6,864,1,0,3,5,0
726,540,1,21695,6,9,880,2,0,3,5,1
727,632,1,7314,7,5,1232,2,0,2,6,0
728,888,0,11475,5,5,1584,2,0,4,9,0
729,539,0,6240,4,5,780,1,0,2,5,0
730,608,1,5389,8,5,1595,2,0,2,5,1
731,438,1,9590,7,5,868,2,0,3,6,1
732,541,1,11404,7,5,1153,2,1,3,8,1
733,264,0,10000,5,6,864,1,0,3,6,1
734,300,0,8978,5,5,948,1,0,3,6,0
735,320,0,10800,7,7,880,1,1,2,6,2
736,400,0,8544,3,4,0,2,0,2,6,0
737,800,1,10463,8,5,893,2,1,3,8,1
738,0,1,10800,5,5,1200,3,0,3,5,0
739,572,1,9313,7,5,864,2,1,3,7,0
740,360,0,9600,5,7,264,2,0,2,7,0
741,288,0,6768,6,8,912,1,0,3,5,0
742,539,1,8450,7,5,1349,2,0,3,6,0
743,480,1,12886,5,6,520,2,0,3,6,1
744,462,1,5395,8,5,1337,2,0,2,5,1
745,831,1,8963,8,9,1142,3,1,4,11,2
746,554,1,8795,7,5,952,2,1,4,8,1
747,864,1,11700,7,7,1240,1,1,4,8,1
748,527,1,10593,7,5,1720,2,0,3,7,1
749,240,0,8405,4,3,0,2,0,4,9,0
750,0,0,8800,4,7,576,1,0,3,7,0
751,400,0,7750,7,5,660,2,1,3,6,0
752,576,1,9236,6,5,1479,2,0,3,6,0
753,878,1,10240,8,5,1030,2,1,3,8,1
754,440,0,7930,6,8,1026,1,0,3,5,0
755,440,1,3230,6,5,729,2,1,3,6,0
756,578,1,10769,8,5,866,2,1,3,7,0
757,440,0,11616,6,5,672,2,1,3,6,1
758,440,1,2280,7,5,744,2,1,3,6,0
759,752,1,12257,8,5,1318,2,1,4,9,1
760,300,0,9100,6,6,864,1,0,2,5,0
761,440,0,6911,5,5,1145,1,0,2,5,0
762,614,1,8640,7,5,756,2,1,3,7,0
763,856,1,9430,8,5,1252,2,1,3,8,1
764,481,1,9549,8,5,1494,1,1,2,6,1
765,592,1,14587,9,5,1498,2,0,2,6,1
766,496,1,10421,7,5,980,2,1,3,7,1
767,423,0,12508,6,7,983,2,0,4,7,0
768,484,1,9100,7,5,1860,2,0,3,8,1
769,841,1,53504,8,5,1650,3,1,4,12,1
770,576,0,7252,5,5,858,1,0,2,5,0
771,396,0,8877,4,5,836,1,0,2,6,0
772,672,0,7819,6,5,1029,1,0,3,6,1
773,275,0,10150,5,5,912,1,0,2,5,0
774,895,1,14226,8,5,1935,2,0,3,9,1
775,412,0,4500,6,5,1204,2,0,2,5,0
776,865,1,11210,7,5,1614,2,0,3,7,0
777,440,0,13350,5,5,864,1,0,3,5,1
778,630,0,8400,5,5,0,2,0,4,10,2
779,504,0,10530,6,5,975,1,0,2,4,0
780,402,1,7875,7,5,1237,2,0,3,6,1
781,484,1,7153,6,5,761,2,1,3,7,0
782,605,1,16285,7,5,1413,2,0,3,6,0
783,602,1,9101,5,6,1097,1,0,1,4,1
784,0,0,6300,6,6,742,2,0,3,9,1
785,457,0,9790,6,5,1372,2,0,3,7,1
786,416,0,10800,5,6,686,2,0,4,7,0
787,618,1,10142,7,5,956,2,1,4,8,0
788,281,0,6000,4,7,901,1,0,2,4,0
789,444,1,12205,6,8,832,2,1,5,9,0
790,397,0,3182,7,5,1145,2,0,2,5,1
791,539,0,11333,6,5,1029,1,0,3,5,2
792,455,1,9920,7,5,1117,2,1,3,8,1
793,474,1,9158,8,5,1496,2,0,3,7,0
794,409,1,10832,7,5,712,2,1,3,7,1
795,476,1,8400,6,6,650,2,1,3,7,1
796,528,0,8197,6,5,660,1,1,3,7,1
797,240,0,7677,5,5,773,1,0,2,4,0
798,820,1,13518,9,5,1926,3,1,4,11,2
799,240,1,7200,5,7,731,1,1,3,7,2
800,603,1,12798,6,5,616,2,1,4,8,0
801,440,0,4800,4,7,1196,1,0,2,5,0
802,410,1,8199,7,5,728,2,1,3,7,1
803,1020,1,13891,9,5,1734,3,1,4,12,1
804,286,0,9000,5,5,936,1,0,2,5,0
805,554,1,12274,7,5,1417,2,0,3,6,0
806,384,0,9750,5,5,980,2,0,3,6,0
807,528,1,21384,5,6,1324,1,1,3,6,1
808,484,0,13400,5,5,1024,1,0,3,6,1
809,360,0,8100,5,5,849,2,0,2,11,0
810,484,1,10140,6,6,1040,1,1,3,5,1
811,420,0,4438,6,5,848,1,0,1,4,1
812,504,0,8712,5,5,540,1,0,2,4,0
813,301,0,9750,6,6,1442,1,1,4,7,0
814,280,0,8248,5,7,686,1,1,3,7,0
815,598,1,12137,7,5,1649,2,0,3,6,0
816,275,0,11425,5,6,1008,1,0,2,4,1
817,857,1,13265,8,5,1568,2,0,3,7,2
818,440,0,8816,6,7,1010,1,0,3,6,0
819,484,1,6371,7,5,1358,2,0,2,6,1
820,595,1,7226,7,5,798,2,1,3,6,0
821,576,0,6000,4,4,936,1,0,2,4,0
822,433,1,12394,7,5,847,2,1,3,7,1
823,240,0,9900,6,7,778,2,0,3,7,1
824,776,1,11216,8,5,1489,2,0,3,7,1
825,1220,1,14803,10,5,2078,2,0,2,7,1
826,0,0,6130,5,6,784,1,0,2,5,0
827,527,1,8529,7,5,1454,2,0,3,6,1
828,538,1,28698,5,5,1013,2,1,3,7,0
829,480,0,2544,7,5,600,2,1,2,4,0
830,458,1,11900,6,5,1392,1,1,3,6,2
831,480,0,3180,7,5,600,2,1,2,4,0
832,613,1,9548,7,6,941,2,1,3,7,1
833,472,1,10004,6,6,1516,1,1,3,6,0
834,456,0,7875,5,6,1144,1,0,3,6,0
835,436,0,9600,4,7,1067,2,0,2,4,0
836,812,0,8100,5,6,1559,1,0,2,5,0
837,264,0,1680,6,5,483,1,1,2,5,0
838,352,0,9525,5,6,1099,1,1,3,6,0
839,240,0,11767,5,6,768,1,0,3,6,0
840,400,0,12155,6,8,672,2,0,4,7,0
841,686,0,10440,5,8,650,2,0,3,8,1
842,490,1,9020,6,7,1127,1,1,3,6,0
843,0,0,8000,5,4,1800,2,0,6,10,0
844,720,0,12665,5,8,876,1,1,4,7,1
845,611,1,16647,5,5,1390,2,0,3,6,2
846,425,1,9317,7,5,740,2,1,3,7,1
847,338,0,15523,5,6,864,1,0,3,5,1
848,360,1,45600,6,8,907,3,0,5,10,1
849,512,1,9600,6,7,528,2,1,3,7,1
850,420,0,4435,6,5,848,1,0,1,3,0
851,400,1,3196,8,5,1273,2,0,2,7,1
852,240,1,7128,7,5,918,2,0,4,7,2
853,645,0,12095,6,6,1127,1,1,3,7,1
854,454,1,17920,5,4,1763,1,1,3,6,1
855,260,0,6897,5,8,1040,1,1,3,6,0
856,576,0,10970,6,6,940,1,0,3,5,0
857,343,1,8125,6,5,702,2,1,3,6,1
858,479,0,10400,7,5,1090,2,0,3,6,1
859,619,1,11029,6,7,1054,2,1,4,9,1
860,216,1,7642,7,8,912,1,1,3,7,1
861,504,0,11625,5,4,1039,1,1,3,6,0
862,480,0,9672,6,5,1040,2,0,3,6,0
863,672,0,7931,5,5,1148,1,0,3,6,0
864,529,1,8640,7,5,1372,2,0,3,6,0
865,902,0,8750,5,6,1002,1,0,3,5,0
866,870,1,10656,8,5,1638,2,0,3,6,1
867,544,0,6970,4,5,1040,1,1,3,5,0
868,672,1,14762,5,6,0,2,0,2,7,1
869,574,1,9938,7,5,1050,2,1,3,8,1
870,308,0,6600,5,5,894,1,0,2,5,0
871,523,1,8750,6,5,804,2,1,3,7,0
872,414,0,8892,5,7,105,1,0,3,5,0
873,288,0,12144,5,7,832,1,0,3,6,1
874,200,0,5720,5,6,676,1,1,3,5,0
875,550,1,9000,8,5,1184,2,1,4,11,1
876,648,0,25286,4,5,1064,1,0,3,5,0
877,738,1,8834,9,5,1462,2,1,4,10,1
878,576,0,11782,5,7,1109,1,0,3,6,0
879,336,0,7000,5,8,864,1,0,3,6,0
880,450,0,7024,5,5,1090,1,1,2,5,0
881,400,1,13758,7,5,1156,2,1,3,7,1
882,389,1,9636,6,5,808,2,1,3,7,1
883,440,0,6204,4,5,795,1,0,5,10,0
884,288,0,7150,5,5,892,1,0,3,5,0
885,506,1,5119,9,5,1698,2,0,2,5,1
886,588,0,8393,5,5,1626,2,0,4,8,0
887,300,0,16466,5,7,816,1,1,3,8,0
888,621,1,15865,8,6,2217,2,0,4,8,1
889,505,0,12160,6,4,1505,1,0,2,6,1
890,576,0,8064,5,7,672,1,0,3,6,1
891,440,1,11184,6,5,918,2,1,3,7,1
892,264,0,8414,6,8,1059,1,0,3,6,0
893,354,1,13284,5,5,1383,1,0,3,6,1
894,400,0,7018,5,5,0,2,0,4,8,0
895,483,0,7056,6,5,780,1,1,4,8,1
896,327,0,8765,4,6,951,1,0,2,6,0
897,528,0,7018,5,5,0,2,0,6,12,0
898,820,1,12919,9,5,2330,2,1,2,11,2
899,288,0,6993,5,7,912,1,0,3,6,1
900,684,0,7340,4,6,858,1,0,2,4,0
901,756,0,8712,5,7,992,1,0,2,5,0
902,393,1,7875,7,5,783,2,1,3,8,1
903,690,1,14859,7,5,1670,2,0,3,7,1
904,288,0,6173,5,6,876,1,0,3,6,0
905,280,0,9920,5,5,1056,1,0,3,6,0
906,865,1,13501,8,5,1623,2,0,3,8,1
907,180,1,11500,7,7,1017,1,1,3,6,1
908,484,0,8885,5,5,864,1,0,2,5,0
909,390,1,12589,6,5,742,2,1,3,8,1
910,480,0,11600,5,5,1105,2,0,5,12,0
911,252,0,9286,5,7,1268,1,1,3,5,0
912,450,0,6120,5,7,768,1,0,3,6,0
913,871,0,6270,5,6,1001,2,0,4,8,0
914,528,1,3000,6,5,612,2,1,2,4,0
915,286,0,2001,4,5,546,1,1,3,6,0
916,308,0,9000,2,3,480,0,0,1,4,0
917,284,0,17140,4,6,1134,1,0,3,6,0
918,833,1,13125,7,5,1104,2,1,4,8,1
919,601,1,11029,6,8,1184,1,0,3,6,1
920,471,1,8462,6,5,928,2,1,3,7,0
921,0,0,8777,5,7,1272,2,2,4,9,0
922,397,1,10237,6,5,1316,2,0,3,6,1
923,533,1,8012,6,5,1604,2,0,2,5,1
924,612,1,10240,6,6,1686,2,0,3,7,1
925,540,1,15611,5,6,1126,2,0,3,6,0
926,656,1,11999,8,5,1181,2,1,4,10,1
927,486,1,9900,7,5,832,2,1,4,9,1
928,522,1,11838,8,5,1753,2,0,3,7,1
929,642,1,13006,7,5,964,2,1,4,8,1
930,610,1,8925,8,5,1466,2,0,3,7,0
931,429,0,9100,5,6,925,1,0,2,5,0
932,788,1,11670,9,5,1905,2,0,3,8,1
933,570,1,8487,7,5,1500,2,0,3,6,0
934,505,1,27650,7,7,585,2,0,4,9,1
935,528,0,5825,4,5,600,1,0,1,5,0
936,555,1,10083,7,5,1176,2,0,2,5,0
937,689,1,9675,7,5,1113,2,1,3,8,1
938,868,1,8760,7,5,1391,2,1,3,7,0
939,349,1,24090,7,7,1032,2,0,4,10,2
940,574,0,12640,6,5,1728,2,0,4,8,0
941,390,1,8755,7,5,992,2,1,3,8,1
942,0,0,7711,4,3,1440,2,0,4,8,0
943,576,0,25000,5,4,1632,2,0,4,8,0
944,525,0,14375,6,6,819,1,0,3,7,1
945,456,0,8820,5,6,1088,1,0,2,7,0
946,796,0,8163,5,6,1144,1,0,3,6,1
947,808,1,14536,8,5,1616,2,0,3,9,1
948,474,1,14006,7,5,936,2,1,3,7,1
949,676,1,9360,6,7,1161,1,1,3,5,1
950,720,0,7200,5,8,864,1,0,3,5,0
951,300,0,7800,5,5,828,1,0,3,6,0
952,396,0,7200,5,8,768,1,0,2,5,0
953,530,1,11075,5,4,784,2,1,4,7,1
954,0,0,9400,6,5,945,2,0,4,4,0
955,492,0,7136,6,6,979,2,0,4,8,0
956,462,0,1300,6,6,561,1,1,2,5,1
957,576,0,7420,5,5,1057,1,0,3,6,0
958,531,1,8450,7,5,1337,2,0,3,6,0
959,484,0,2572,7,5,696,2,1,3,6,0
960,0,0,7207,5,7,858,1,0,2,4,0
961,619,1,12227,6,7,1330,2,1,4,11,1
962,440,0,2308,6,6,804,2,1,3,7,1
963,702,1,11923,9,5,1800,2,0,2,7,0
964,510,1,11316,7,5,817,2,1,4,8,1
965,393,1,10237,6,5,783,2,1,3,8,1
966,256,0,9600,5,7,728,1,1,2,7,2
967,260,0,7390,5,7,1098,1,0,3,6,0
968,0,0,5925,3,6,600,1,0,2,6,0
969,264,0,10382,6,5,588,1,0,2,6,0
970,0,0,10800,4,4,720,1,1,4,6,0
971,474,1,2268,7,5,764,2,0,2,6,0
972,264,0,7892,6,5,918,2,0,2,5,1
973,480,1,11639,7,5,1428,2,0,3,6,0
974,532,1,11414,7,8,728,1,0,3,8,0
975,490,1,2651,7,5,673,2,1,3,6,0
976,0,0,5900,4,7,440,1,0,2,4,0
977,569,1,4274,7,5,1241,1,1,1,4,0
978,400,0,9450,4,5,894,1,0,3,5,0
979,480,0,8816,5,6,1121,1,0,3,5,0
980,588,1,12122,7,9,944,1,0,3,6,0
981,676,1,12203,8,5,1225,2,1,4,8,1
982,388,0,3182,7,5,1266,2,0,2,6,1
983,779,1,11250,8,5,1128,2,1,4,9,1
984,539,0,10125,5,5,0,2,0,4,8,0
985,240,0,10880,5,5,1164,1,0,3,5,0
986,255,0,5310,6,8,485,1,0,2,5,0
987,606,1,10159,9,5,1930,2,1,3,8,1
988,551,1,12046,6,6,848,2,1,4,8,1
989,614,1,8125,7,5,770,2,1,3,6,0
990,870,1,9452,8,5,1396,2,1,3,7,1
991,424,1,17671,8,9,916,1,1,4,8,1
992,440,1,9760,6,8,822,2,1,3,7,1
993,564,1,8846,6,5,750,2,1,3,6,0
994,786,1,12456,10,5,1700,2,0,3,7,1
995,305,0,4712,4,7,747,1,1,3,5,0
996,368,0,10659,5,6,1050,1,0,3,6,0
997,615,1,11717,6,6,1442,2,0,2,6,1
998,210,0,9786,3,4,1007,1,0,3,6,1
999,632,1,6762,7,5,1187,2,0,2,6,0
1000,528,0,10206,3,3,0,1,0,2,4,0
1001,216,0,5400,5,6,691,1,0,2,4,0
1002,824,1,11957,8,5,1574,2,0,3,7,1
1003,528,0,11500,5,6,1680,2,0,4,8,0
1004,457,1,3182,7,5,1346,2,0,1,7,1
1005,328,0,8385,5,8,985,2,0,3,6,0
1006,484,1,12155,6,3,1657,2,0,3,7,1
1007,286,0,2217,4,4,546,1,1,3,6,0
1008,550,1,12118,7,5,1710,2,0,3,7,1
1009,0,0,6000,5,5,1008,2,0,4,7,0
1010,312,0,21286,5,5,720,2,0,4,7,1
1011,0,0,9825,5,5,0,2,0,4,8,0
1012,180,1,10592,6,7,602,1,1,3,7,2
1013,280,0,7200,5,4,1022,1,0,2,4,0
1014,240,0,11664,6,5,1082,1,0,2,5,1
1015,528,1,8400,8,6,810,2,1,3,6,0
1016,478,1,11883,7,5,1504,2,0,3,6,1
1017,565,1,5814,8,5,1220,1,0,1,4,1
1018,402,0,10784,7,5,384,2,1,3,7,1
1019,440,1,3013,7,5,1362,2,0,2,6,1
1020,451,1,7024,4,5,1132,1,1,2,5,0
1021,632,1,7406,7,5,1199,2,0,2,6,0
1022,160,0,9439,5,5,912,1,0,2,6,0
1023,437,1,3182,7,5,1346,2,0,2,7,1
1024,665,1,15498,8,6,1565,2,0,2,10,1
1025,461,0,7700,5,5,882,1,0,3,5,0
1026,461,1,9300,5,5,1268,1,0,3,6,2
1027,800,1,9520,8,5,1638,2,0,3,7,1
1028,240,0,9492,5,5,768,1,0,3,6,1
1029,264,0,1680,6,7,672,1,1,3,7,0
1030,0,0,7082,5,8,686,2,0,5,10,0
1031,672,1,15863,7,3,824,2,1,5,12,2
1032,796,1,14541,8,7,1338,2,1,5,10,1
1033,900,1,8125,7,5,1654,2,0,3,6,0
1034,240,0,6305,5,7,920,1,0,2,5,1
1035,290,0,11500,4,3,0,1,0,3,5,0
1036,912,1,12898,9,5,1620,2,0,2,6,1
1037,905,1,9240,8,5,1055,2,1,3,7,1
1038,0,0,1533,4,6,546,1,1,3,6,1
1039,286,0,1477,4,4,630,1,0,1,3,0
1040,484,0,13125,5,4,1134,2,0,3,8,1
1041,484,1,9130,6,8,800,1,1,4,7,0
1042,624,1,5381,6,5,1306,2,0,1,5,1
1043,514,1,11839,7,5,1475,2,1,4,10,1
1044,542,1,9600,8,5,2524,2,1,4,9,1
1045,452,0,13680,3,5,0,2,0,4,8,1
1046,716,1,16056,9,5,1992,3,1,4,11,1
1047,672,0,9245,5,5,990,1,0,3,5,0
1048,336,0,21750,5,4,0,1,0,3,9,1
1049,308,0,11100,4,7,0,1,0,2,6,0
1050,436,1,8993,7,5,1302,2,0,3,6,0
1051,440,1,11175,7,5,1316,2,0,3,6,1
1052,540,1,9500,6,6,816,1,1,4,9,1
1053,364,0,8562,5,6,1216,1,0,4,7,1
1054,586,1,11367,8,5,1065,2,1,3,7,1
1055,478,1,11361,6,5,1193,2,0,3,7,1
1056,484,1,7052,7,5,1364,2,0,2,6,1
1057,467,1,29959,7,6,973,2,1,3,7,1
1058,836,1,11308,9,5,1104,2,1,3,10,1
1059,432,1,11275,6,7,854,1,1,3,7,1
1060,582,1,4920,8,5,1338,2,0,2,6,0
1061,1248,0,18000,3,4,894,1,0,2,6,0
1062,560,0,13600,5,5,662,2,0,5,10,0
1063,440,0,6000,6,6,1103,1,0,2,5,1
1064,480,0,11000,5,6,1154,1,1,3,6,1
1065,533,1,14000,7,5,1306,2,1,3,7,0
1066,380,1,7837,6,7,799,2,1,3,7,1
1067,442,1,9760,6,6,780,1,1,4,7,0
1068,576,0,3964,6,4,942,2,1,5,10,1
1069,576,0,9600,5,7,845,1,0,2,4,0
1070,286,0,10152,5,5,1048,1,0,3,6,0
1071,441,0,11700,6,6,727,1,1,4,8,0
1072,280,0,7585,5,3,810,1,0,4,7,1
1073,440,0,7950,6,6,690,1,1,3,6,0
1074,826,1,8556,7,5,1240,2,0,2,5,0
1075,240,1,13125,7,6,800,1,1,3,6,2
1076,566,1,10800,5,8,796,2,0,3,7,1
1077,299,0,15870,5,5,1096,1,0,3,6,0
1078,420,0,4435,6,5,848,1,0,1,3,1
1079,299,0,8775,5,5,990,1,0,3,5,0
1080,528,0,11040,6,7,1258,2,0,3,5,0
1081,308,0,7500,5,5,1040,1,1,3,5,0
1082,527,1,8749,7,5,1459,2,0,3,6,1
1083,461,0,8800,6,6,1251,1,0,3,6,2
1084,409,1,13031,6,5,691,2,1,3,6,1
1085,564,0,9069,6,6,936,1,0,2,5,0
1086,286,0,1974,4,5,546,1,1,3,6,0
1087,1043,1,10574,8,5,1082,2,1,3,9,1
1088,380,0,2522,7,5,970,2,0,3,7,0
1089,550,1,3316,8,5,1247,1,1,1,4,1
1090,400,0,8544,3,4,0,2,0,2,6,0
1091,462,0,2160,7,5,600,2,1,2,4,0
1092,576,0,8400,6,5,1181,2,0,4,7,1
1093,884,0,9230,5,8,864,1,1,1,6,0
1094,308,0,5868,5,7,936,1,0,2,4,0
1095,440,1,9317,6,5,1314,2,0,3,6,1
1096,0,0,6882,6,7,684,1,1,3,7,0
1097,461,1,3696,8,5,1074,1,1,2,5,0
1098,240,0,6000,4,6,672,1,0,3,6,0
1099,478,0,11880,7,5,1271,2,0,3,7,1
1100,246,0,8400,2,5,290,1,0,1,3,0
1101,280,0,9758,5,5,950,1,0,3,5,0
1102,254,0,7000,5,7,1010,1,0,2,6,0
1103,539,0,8910,6,6,655,1,0,3,6,1
1104,440,0,2016,5,5,630,2,1,3,6,0
1105,712,1,12256,8,5,1463,2,1,3,9,2
1106,719,1,10357,7,5,910,2,0,3,6,1
1107,422,1,23257,7,5,868,2,1,3,9,1
1108,463,1,8063,6,5,924,2,1,3,7,1
1109,862,1,11362,8,5,1836,2,0,3,7,1
1110,431,1,8000,6,5,773,2,1,3,8,1
1111,483,1,10480,7,6,803,2,1,4,8,1
1112,308,0,7100,5,7,816,1,0,2,5,0
1113,240,0,8923,5,7,1008,1,0,2,6,0
1114,326,0,5400,5,7,833,1,0,2,4,0
1115,928,1,12085,8,5,1734,2,0,3,7,1
1116,527,1,7750,8,5,408,2,1,3,7,1
1117,450,0,9764,5,7,894,1,0,3,5,0
1118,300,0,13825,5,6,533,1,0,3,6,0
1119,286,0,7560,5,5,1040,1,0,3,6,0
1120,308,0,8263,6,5,1012,1,0,2,6,1
1121,782,1,10084,7,5,1552,2,0,3,7,0
1122,288,0,8926,4,3,672,1,0,3,5,0
1123,0,0,9405,5,9,698,1,0,2,4,0
1124,392,1,9125,7,5,384,2,1,3,7,1
1125,672,0,10434,4,5,1005,1,0,2,5,1
1126,660,1,3684,7,5,1373,2,0,2,7,1
1127,630,1,14572,7,5,1530,2,0,3,7,1
1128,434,1,11796,7,5,847,2,1,4,8,1
1129,672,0,7200,5,5,936,1,0,2,4,0
1130,576,0,7804,4,3,1122,2,0,4,7,2
1131,0,0,10712,5,5,974,1,0,3,5,0
1132,205,0,9900,6,4,1008,2,0,5,8,0
1133,466,1,9828,8,5,1128,2,1,3,8,1
1134,460,1,8773,6,5,916,2,1,3,7,1
1135,180,0,6180,6,5,960,1,0,2,5,1
1136,288,0,9600,6,5,1032,1,0,3,6,0
1137,0,0,6342,5,8,780,1,0,2,6,0
1138,714,1,9819,6,5,1567,2,0,2,5,2
1139,495,0,8731,5,5,915,1,0,3,6,1
1140,840,0,7350,5,7,952,1,0,2,4,0
1141,484,1,10304,5,7,780,2,1,4,9,1
1142,1052,1,9965,8,5,1466,3,0,4,11,1
1143,0,0,9000,5,3,1006,1,0,3,5,0
1144,280,0,12180,4,4,672,1,0,2,5,0
1145,225,0,6240,5,6,1042,1,0,3,8,1
1146,403,1,11200,6,5,1298,2,0,3,5,1
1147,234,1,12000,7,7,704,1,1,3,7,1
1148,288,0,5700,7,7,572,1,0,2,5,1
1149,324,0,9000,7,9,650,1,0,3,7,0
1150,306,0,8280,6,5,932,1,0,2,4,1
1151,528,0,17755,5,4,1466,1,1,3,6,2
1152,470,1,14115,6,7,1073,1,0,2,6,1
1153,432,0,5890,6,8,816,1,0,2,5,0
1154,492,1,13700,7,6,864,1,2,4,8,2
1155,528,1,10768,5,8,1437,2,0,3,6,1
1156,502,1,9350,5,8,1219,2,0,3,6,1
1157,626,1,5001,7,5,1314,2,0,2,6,1
1158,830,1,11932,8,5,1580,2,0,3,7,0
1159,540,1,9120,6,6,901,2,1,4,8,1
1160,440,0,2280,6,5,855,2,1,3,7,1
1161,924,1,14778,6,7,1296,1,0,3,7,1
1162,450,0,8724,5,5,894,1,0,3,5,1
1163,400,0,12900,4,4,1198,0,2,0,6,0
1164,588,1,16157,5,7,1360,1,1,2,5,1
1165,644,1,9541,7,5,1502,2,0,3,7,0
1166,776,1,10475,8,5,1694,2,0,3,7,0
1167,472,1,10852,6,5,959,2,1,3,7,1
1168,540,1,13728,6,7,1127,2,0,4,7,2
1169,807,1,35760,10,5,1930,3,1,4,10,1
1170,358,1,9880,6,6,1096,1,0,3,6,1
1171,433,0,9120,6,6,1261,1,0,3,6,1
1172,625,1,4017,7,5,625,2,1,2,5,0
1173,0,1,18030,5,6,1598,3,0,3,12,1
1174,360,1,16560,6,8,952,2,1,4,9,1
1175,541,1,10678,8,5,1683,2,1,4,9,1
1176,264,0,6951,5,5,876,1,0,3,5,0
1177,210,0,3950,6,8,818,1,0,3,5,0
1178,186,0,7681,5,6,731,1,1,3,7,1
1179,0,0,8335,5,5,0,1,0,3,5,1
1180,693,1,11170,7,5,1216,2,1,4,8,0
1181,482,1,5587,8,5,1600,2,0,2,5,1
1182,813,1,15623,10,5,2396,3,1,4,10,2
1183,720,0,10800,5,6,1120,1,0,2,5,1
1184,995,1,35133,5,4,1572,1,1,3,5,2
1185,392,0,9738,5,7,784,1,0,4,7,0
1186,420,0,10615,3,5,978,2,0,3,7,0
1187,757,1,12461,8,5,1624,2,0,2,5,1
1188,493,1,8935,7,5,831,2,1,3,7,0
1189,442,1,7500,7,5,994,2,1,3,7,1
1190,1356,1,32463,4,4,1249,1,0,3,7,1
1191,492,1,2645,8,5,776,2,1,2,5,0
1192,250,0,9600,5,8,702,1,0,3,6,0
1193,402,1,4500,6,5,1224,2,0,2,5,0
1194,299,0,9364,6,7,663,1,1,4,7,0
1195,400,1,8029,6,5,728,2,1,3,8,0
1196,660,1,14054,7,5,879,2,1,4,9,1
1197,225,0,8850,7,6,815,1,0,3,7,1
1198,573,1,9100,7,5,1212,2,0,3,6,0
1199,459,0,11235,4,5,1051,1,1,3,6,1
1200,280,0,9353,4,5,864,1,0,3,5,0
1201,546,1,10400,7,5,866,2,1,3,6,0
1202,216,0,6000,5,8,884,1,0,3,5,1
1203,451,1,9750,7,5,1630,2,0,3,6,1
1204,495,0,10140,5,6,1056,1,1,3,6,0
1205,701,1,14684,7,7,2158,2,0,3,7,1
1206,384,0,8900,4,4,1056,1,0,2,5,0
1207,544,1,9135,6,5,1682,2,0,3,7,0
1208,506,0,7763,5,7,931,1,0,3,6,0
1209,500,1,10182,8,5,1660,2,0,3,8,1
1210,462,1,11218,6,5,1055,2,1,3,8,1
1211,492,1,12134,8,7,559,2,0,4,8,0
1212,234,0,9340,4,6,672,1,0,2,4,0
1213,364,0,10246,4,9,648,0,0,0,3,0
1214,300,0,10205,5,5,925,1,0,3,6,0
1215,384,0,7094,5,5,894,1,0,3,5,0
1216,539,0,8930,6,5,0,2,0,4,8,0
1217,552,1,8640,8,5,1300,2,0,3,6,0
1218,0,0,6240,4,5,0,1,0,2,3,0
1219,0,0,1680,6,5,672,1,1,3,7,0
1220,288,0,7800,5,5,912,1,0,2,5,0
1221,322,0,8250,5,5,952,1,0,3,5,1
1222,315,0,10496,6,6,1040,2,0,3,7,1
1223,528,0,10680,5,3,2136,2,0,4,7,0
1224,388,1,15384,7,5,788,2,1,3,8,1
1225,264,0,10482,6,8,588,1,0,3,6,0
1226,668,1,14598,6,5,894,2,1,4,9,1
1227,576,0,8872,5,8,912,1,0,2,5,0
1228,1052,1,8769,9,5,1702,1,1,1,7,1
1229,404,0,7910,5,5,1075,2,0,4,7,0
1230,600,1,18890,5,5,1361,2,2,4,12,1
1231,540,0,7728,5,6,1106,1,0,3,6,0
1232,462,0,9842,4,5,0,2,0,2,6,0
1233,531,0,12160,5,5,1188,1,0,3,6,0
1234,0,0,8525,5,6,940,1,1,4,7,0
1235,180,0,13132,5,5,747,1,1,4,9,0
1236,474,1,2628,7,5,764,2,1,2,6,0
1237,434,1,12393,7,5,847,2,1,4,8,1
1238,484,0,13072,6,5,1141,1,1,3,6,0
1239,472,1,9037,8,5,1476,2,0,2,6,1
1240,543,1,8158,7,5,884,2,1,3,8,0
1241,954,1,9849,7,6,1689,2,0,3,7,0
1242,528,1,10625,7,6,1053,2,0,3,6,2
1243,850,1,13891,10,5,2076,2,1,2,7,1
1244,400,1,11435,8,7,792,1,0,3,7,2
1245,477,1,12090,6,7,585,3,1,3,7,1
1246,615,1,8125,7,5,756,2,1,3,6,0
1247,888,1,12328,6,5,1012,1,0,3,6,0
1248,396,0,9600,6,5,735,1,1,3,8,1
1249,276,0,7200,5,7,876,1,0,3,6,0
1250,522,1,11160,7,5,2110,2,1,3,8,2
1251,478,1,3136,7,5,1405,2,0,2,6,1
1252,288,0,9858,5,6,864,1,0,3,5,0
1253,518,1,17542,7,7,1192,2,1,3,9,2
1254,397,1,6931,7,5,746,2,1,3,7,1
1255,560,0,6240,6,6,884,1,0,3,6,1
1256,691,1,14303,8,5,1986,2,0,2,7,1
1257,0,0,4060,5,8,864,1,0,2,4,0
1258,400,1,9587,7,5,856,2,0,2,5,0
1259,460,0,9750,6,8,1054,1,1,3,6,0
1260,502,1,24682,6,5,841,2,1,3,7,1
1261,338,0,9600,5,6,1050,1,0,2,5,0
1262,304,0,11250,4,5,1104,1,0,5,8,2
1263,520,1,13515,6,6,764,1,0,3,8,1
1264,511,1,4060,6,5,1405,2,0,2,5,0
1265,506,1,3735,7,5,691,2,1,3,6,0
1266,308,0,10120,7,4,925,1,1,4,9,1
1267,746,1,13214,9,5,2002,2,0,3,10,1
1268,1014,1,14100,8,9,728,3,1,4,11,2
1269,315,0,11344,5,5,874,1,1,3,7,0
1270,586,1,23595,7,6,1332,0,1,0,4,1
1271,462,1,9156,6,7,1489,2,0,3,7,1
1272,288,0,13526,5,6,935,1,0,3,5,0
1273,312,1,11512,6,7,1019,1,0,2,5,1
1274,552,0,5362,5,6,661,2,0,3,8,1
1275,400,0,11345,5,5,928,2,0,4,10,0
1276,497,0,12936,6,6,723,1,1,3,6,1
1277,480,1,17871,6,5,1680,1,1,3,7,1
1278,577,1,9473,8,5,1128,2,1,3,7,1
1279,528,0,7500,4,4,698,1,0,2,6,0
1280,544,1,9808,7,5,1573,2,0,3,6,0
1281,484,1,8049,7,5,1309,2,0,2,6,1
1282,484,0,8800,5,7,1040,2,0,3,5,0
1283,0,0,9400,6,5,912,2,2,4,8,0
1284,336,1,9638,6,7,804,2,0,4,10,1
1285,280,0,6000,6,6,780,1,0,4,6,1
1286,528,0,9790,6,5,1328,1,1,3,6,2
1287,390,1,36500,5,5,1624,2,0,4,7,0
1288,499,1,5664,8,5,1501,2,0,2,5,1
1289,753,1,11065,8,5,1085,2,1,3,8,1
1290,484,1,14112,5,7,1152,1,0,3,6,1
1291,264,0,1680,5,7,630,2,1,3,6,0
1292,432,0,6600,5,4,994,2,0,4,11,0
1293,528,0,10140,7,5,832,2,1,4,8,1
1294,572,0,8172,5,7,864,1,0,2,5,0
1295,288,0,8400,5,5,1052,1,1,3,5,0
1296,525,0,8700,5,6,1120,2,0,3,6,0
1297,525,0,3675,6,5,547,2,0,2,5,0
1298,1418,0,63887,10,5,6110,2,1,3,12,3
1299,305,0,7500,5,7,1246,1,1,3,6,0
1300,490,1,10762,7,5,978,2,1,3,9,1
1301,213,1,7500,6,7,771,1,0,3,7,2
1302,844,1,10120,8,5,1165,2,1,4,8,1
1303,834,1,8688,7,5,1616,2,0,3,7,0
1304,380,0,3363,7,5,976,2,0,3,7,0
1305,840,1,13173,9,5,1652,2,0,2,6,2
1306,474,1,6955,7,5,1368,2,0,2,6,1
1307,480,0,8072,5,5,990,1,0,3,5,0
1308,528,0,12000,5,7,924,1,0,2,6,0
1309,496,1,7153,6,5,1278,2,0,3,6,0
1310,567,1,17500,7,8,1902,2,0,3,7,2
1311,508,1,8814,7,5,1274,2,0,3,6,0
1312,750,1,9572,8,5,1453,2,1,4,9,1
1313,779,1,14774,9,5,1393,2,1,4,10,1
1314,280,0,8190,4,6,948,1,0,3,5,1
1315,576,1,11075,6,5,952,2,1,4,9,2
1316,860,1,10226,8,5,1622,2,0,3,8,1
1317,466,1,4230,7,5,1352,2,0,2,5,1
1318,748,1,14781,8,5,1753,2,0,3,7,1
1319,248,0,10215,4,5,864,1,0,3,5,0
1320,442,0,8400,6,3,1478,1,1,3,6,2
1321,287,0,6627,3,6,0,1,0,2,4,0
1322,564,1,10186,7,5,750,2,1,3,8,1
1323,0,0,5330,4,7,420,1,0,2,5,0
1324,895,0,9986,8,5,1795,2,0,2,7,1
1325,0,0,3636,4,4,796,1,0,2,5,0
1326,0,0,4270,3,6,544,1,0,3,6,0
1327,264,0,6600,5,9,816,1,0,3,5,1
1328,520,1,10440,6,7,1510,2,0,5,8,2
1329,462,1,9084,7,5,935,2,1,3,8,1
1330,825,1,10000,8,5,1588,2,0,3,7,1
1331,576,0,10780,5,5,911,1,0,3,6,0
1332,288,0,8877,4,6,816,1,0,2,3,1
1333,297,0,7200,5,6,803,1,1,2,6,0
1334,440,0,2368,5,6,765,1,1,3,7,0
1335,630,1,9650,6,5,1350,2,0,2,6,1
1336,506,0,9246,5,5,1656,2,0,4,8,0
1337,0,0,4118,4,4,693,1,0,2,4,0
1338,492,1,13450,7,5,916,2,1,3,8,0
1339,288,0,9560,5,7,864,1,0,3,5,0
1340,480,0,8294,4,5,858,1,0,3,5,0
1341,576,0,13695,6,5,1114,1,0,3,6,0
1342,647,1,9375,8,5,1284,2,1,3,7,1
1343,342,1,7558,6,6,896,1,1,3,9,1
1344,440,0,11103,7,5,728,2,1,3,8,1
1345,308,0,6000,4,4,960,1,0,2,5,0
1346,508,1,20781,7,7,1568,2,0,3,9,1
1347,712,1,15306,8,5,1732,2,0,3,7,1
1348,514,1,16196,7,5,1482,2,0,3,5,1
1349,0,0,5250,8,5,684,2,0,4,8,0
1350,968,1,11643,5,5,1248,2,2,6,12,0
1351,490,1,9247,6,6,858,1,1,4,8,1
1352,624,0,6000,6,9,698,1,0,2,4,0
1353,666,1,14720,8,5,2033,2,1,4,9,1
1354,839,1,10316,7,5,992,2,1,3,7,1
1355,487,1,10192,7,6,570,3,0,4,8,1
1356,264,0,9477,5,5,864,1,0,3,5,0
1357,500,0,12537,5,6,1078,1,1,3,6,1
1358,440,1,2117,6,5,756,2,1,3,5,0
1359,770,1,16737,9,5,1980,2,0,3,8,1
1360,621,1,9842,5,6,612,3,1,4,8,0
1361,430,1,16158,7,5,1530,2,0,3,7,1
1362,368,0,12513,4,4,715,2,0,4,7,1
1363,432,0,8499,6,5,616,2,1,3,6,1
1364,480,0,3180,7,5,600,2,1,2,4,0
1365,663,1,7500,7,5,814,2,1,3,7,0
1366,588,1,9179,7,5,873,2,1,3,7,0
1367,336,0,2665,5,6,757,2,0,4,6,1
1368,420,0,4435,6,5,848,1,0,1,4,0
1369,502,1,10635,8,5,1657,2,0,3,8,1
1370,338,0,5400,4,6,840,1,0,2,6,0
1371,377,1,9600,6,6,992,1,0,3,8,1
1372,583,1,9750,7,6,1108,2,1,3,8,1
1373,804,1,11400,10,5,2633,2,1,2,8,2
1374,936,1,10625,7,5,1026,2,1,3,9,1
1375,722,1,10991,8,5,1571,2,0,3,7,1
1376,160,0,6292,6,5,768,1,0,2,4,0
1377,660,0,10998,5,5,984,2,0,3,6,0
1378,264,0,1953,6,5,483,1,1,2,5,0
1379,400,1,9735,5,5,384,2,1,3,7,0
1380,200,0,8212,3,3,864,1,0,2,5,0
1381,550,1,12925,6,7,1205,2,1,4,7,2
1382,576,0,7200,7,7,596,1,1,4,8,0
1383,576,0,25339,5,7,816,2,0,3,7,0
1384,280,0,9060,6,5,560,1,0,2,6,0
1385,240,0,5436,4,8,796,1,0,3,7,0
1386,564,1,16692,7,5,1392,3,1,5,12,2
1387,216,0,8520,6,7,714,2,0,5,10,1
1388,758,1,14892,9,5,1746,2,0,3,7,2
1389,440,0,6000,6,6,735,1,0,3,6,1
1390,541,1,9100,7,5,1525,2,0,3,6,0
1391,792,0,8944,5,5,1584,2,0,4,8,0
1392,288,0,7838,5,5,864,1,0,3,6,1
1393,672,0,10800,6,7,482,2,0,3,7,1
1394,648,1,4045,7,5,1356,2,0,2,6,1
1395,642,1,12665,8,5,1094,2,1,4,9,1
1396,572,0,57200,5,5,747,1,0,3,7,2
1397,180,0,6120,5,8,939,1,1,4,8,0
1398,240,0,7200,5,4,1208,1,1,3,7,0
1399,216,0,6171,6,6,976,2,1,3,7,1
1400,208,0,6000,6,7,862,1,0,3,5,1
1401,398,1,7415,6,5,839,2,1,3,8,1
1402,662,1,6762,7,5,1286,2,0,2,6,1
1403,754,1,15256,8,5,1485,2,0,3,6,0
1404,936,0,10410,3,4,672,1,0,3,6,0
1405,482,1,3842,8,5,1594,2,0,2,5,1
1406,396,0,8445,5,7,768,1,0,2,5,0
1407,0,0,8780,5,5,833,1,0,3,5,0
1408,528,0,7740,4,7,622,1,0,3,6,0
1409,542,1,20544,7,6,791,2,1,3,7,1
1410,622,1,12420,7,5,944,2,1,3,6,0
1411,271,0,9600,6,8,856,1,1,3,6,0
1412,420,0,7200,4,5,0,2,0,2,6,0
1413,620,1,10994,8,5,1844,2,0,2,7,1
1414,370,1,13053,6,7,833,1,1,4,8,1
1415,660,1,3635,7,5,1386,2,0,1,7,1
1416,560,0,11340,4,6,777,2,0,4,11,0
1417,1069,1,16545,8,5,1284,2,1,3,7,1
1418,336,0,9204,5,5,1144,1,1,3,6,0
1419,540,1,16381,6,5,1844,2,0,3,7,1
1420,776,1,11700,6,6,708,2,1,3,7,1
1421,440,0,4043,6,5,1069,2,0,2,4,1
1422,420,0,4435,6,5,848,1,0,1,3,0
1423,432,1,19690,6,7,697,2,0,4,8,1
1424,484,0,9503,5,5,1024,1,0,2,6,1
1425,528,0,10721,6,6,1252,1,0,3,7,0
1426,525,1,10944,7,5,1223,2,1,3,5,2
1427,288,0,10930,5,6,913,1,1,3,6,1
1428,240,0,7200,5,7,788,1,0,2,4,2
1429,467,1,12546,6,7,1440,2,0,3,7,1
1430,372,1,21930,5,5,732,2,1,4,7,1
1431,440,0,4928,6,6,958,2,0,2,5,0
1432,216,0,10800,4,6,656,2,0,4,5,0
1433,451,1,10261,6,5,936,2,1,3,8,1
1434,484,0,17400,5,5,1126,2,0,3,5,1
1435,462,1,8400,6,9,1319,1,1,3,7,1
1436,528,0,9000,4,6,864,1,0,3,5,0
1437,774,1,12444,8,5,1932,2,0,2,7,1
1438,923,0,7407,6,7,912,1,0,2,6,0
1439,550,1,11584,7,6,539,2,1,3,6,1
1440,672,1,11526,6,7,588,2,0,3,11,1
1441,420,0,4426,6,5,848,1,0,1,3,1
1442,812,1,11003,10,5,1017,2,1,3,10,1
1443,192,0,8854,6,6,952,1,0,2,4,1
1444,626,1,8500,7,5,1422,2,0,3,7,0
1445,240,0,8400,6,5,814,1,0,3,6,0
1446,312,0,26142,5,7,1188,1,0,3,6,0
1447,556,1,10000,8,5,1220,2,1,3,8,1
1448,384,0,11767,4,7,560,1,1,2,6,0
1449,0,0,1533,5,7,630,1,0,1,3,0
1450,0,0,9000,5,5,896,2,2,4,8,0
1451,840,1,9262,8,5,1573,2,0,3,7,1
1452,525,0,3675,5,5,547,1,0,2,5,0
1453,0,0,17217,5,5,1140,1,0,3,6,0
1454,400,1,7500,7,5,1221,2,0,2,6,0
1455,460,1,7917,6,5,953,2,1,3,7,1
1456,500,1,13175,6,6,1542,2,0,3,7,2
1457,252,1,9042,7,9,1152,2,0,4,9,2
1458,240,0,9717,5,6,1078,1,0,2,5,0
1459,276,0,9937,5,6,1256,1,1,3,6,0
