,AboveMedianPrice,LotArea,OverallQual,OverallCond,TotalBsmtSF,FullBath,HalfBath,BedroomAbvGr,TotRmsAbvGrd,Fireplaces,GarageArea
0,1,8450,7,5,856,2,1,3,8,0,548
1,1,9600,6,8,1262,2,0,3,6,1,460
2,1,11250,7,5,920,2,1,3,6,1,608
3,0,9550,7,5,756,1,0,3,7,1,642
4,1,14260,8,5,1145,2,1,4,9,1,836
5,0,14115,5,5,796,1,1,1,5,0,480
6,1,10084,8,5,1686,2,0,3,7,1,636
7,1,10382,7,6,1107,2,1,3,7,2,484
8,0,6120,7,5,952,2,0,2,8,2,468
9,0,7420,5,6,991,1,0,2,5,2,205
10,0,11200,5,5,1040,1,0,3,5,0,384
11,1,11924,9,5,1175,3,0,4,11,2,736
12,0,12968,5,6,912,1,0,2,4,0,352
13,1,10652,7,5,1494,2,0,3,7,1,840
14,0,10920,6,5,1253,1,1,2,5,1,352
15,0,6120,7,8,832,1,0,2,5,0,576
16,0,11241,6,7,1004,1,0,2,5,1,480
17,0,10791,4,5,0,2,0,2,6,0,516
18,0,13695,5,5,1114,1,1,3,6,0,576
19,0,7560,5,6,1029,1,0,3,6,0,294
20,1,14215,8,5,1158,3,1,4,9,1,853
21,0,7449,7,7,637,1,0,3,6,1,280
22,1,9742,8,5,1777,2,0,3,7,1,534
23,0,4224,5,7,1040,1,0,3,6,1,572
24,0,8246,5,8,1060,1,0,3,6,1,270
25,1,14230,8,5,1566,2,0,3,7,1,890
26,0,7200,5,7,900,1,0,3,5,0,576
27,1,11478,8,5,1704,2,0,3,7,1,772
28,1,16321,5,6,1484,1,0,2,6,2,319
29,0,6324,4,6,520,1,0,1,4,0,240
30,0,8500,4,4,649,1,0,3,6,0,250
31,0,8544,5,6,1228,1,1,3,6,0,271
32,1,11049,8,5,1234,2,0,3,7,0,484
33,1,10552,5,5,1398,1,1,4,6,1,447
34,1,7313,9,5,1561,2,0,2,6,1,556
35,1,13418,8,5,1117,3,1,4,9,1,691
36,0,10859,5,5,1097,1,1,3,6,0,672
37,0,8532,5,6,1297,1,0,3,5,1,498
38,0,7922,5,7,1057,1,0,3,5,0,246
39,0,6040,4,5,0,2,0,2,6,0,0
40,0,8658,6,5,1088,2,0,3,6,1,440
41,1,16905,5,6,1350,1,1,2,5,2,308
42,0,9180,5,7,840,1,0,2,5,0,504
43,0,9200,5,6,938,1,0,3,5,0,308
44,0,7945,5,6,1150,1,0,3,6,0,300
45,1,7658,9,5,1752,2,0,2,6,1,576
46,1,12822,7,5,1434,1,1,1,6,1,670
47,1,11096,8,5,1656,2,0,3,7,0,826
48,0,4456,4,5,736,2,0,2,8,0,0
49,0,7742,5,7,955,1,0,3,6,0,386
50,1,13869,6,6,794,2,0,3,6,0,388
51,0,6240,6,6,816,1,0,3,6,1,528
52,0,8472,5,5,816,1,0,2,5,0,516
53,1,50271,9,5,1842,0,1,0,5,1,894
54,0,7134,5,5,384,1,0,3,6,1,572
55,1,10175,6,5,1425,2,0,3,7,1,576
56,1,2645,8,5,970,2,1,3,7,0,480
57,1,11645,7,5,860,2,1,3,7,0,565
58,1,13682,10,5,1410,3,1,3,10,1,641
59,0,7200,5,7,780,1,0,2,4,0,352
60,0,13072,6,5,1158,1,1,3,5,0,576
61,0,7200,5,7,530,1,0,3,6,0,288
62,1,6442,8,5,1370,2,0,2,6,1,484
63,0,10300,7,6,576,2,0,3,9,0,480
64,1,9375,7,5,1057,2,1,3,8,0,645
65,1,9591,8,5,1143,2,1,4,9,1,852
66,1,19900,7,5,1947,2,0,3,7,1,576
67,1,10665,7,5,1453,2,0,3,7,0,558
68,0,4608,4,6,747,1,0,2,4,0,220
69,1,15593,7,4,1304,2,0,3,7,1,667
70,1,13651,7,6,2223,2,0,3,8,2,516
71,0,7599,4,6,845,1,0,2,4,0,360
72,1,10141,7,5,832,2,1,3,7,1,427
73,0,10200,5,7,1086,1,0,3,6,0,490
74,0,5790,3,6,840,2,0,3,8,0,379
75,0,1596,4,5,462,1,0,2,5,0,297
76,0,8475,4,7,952,1,0,2,4,0,283
77,0,8635,5,5,672,1,0,2,6,0,240
78,0,10778,4,5,1768,2,0,4,8,0,0
79,0,10440,5,6,440,1,1,2,5,0,440
80,1,13000,6,6,896,2,1,4,8,1,509
81,0,4500,6,5,1237,2,0,2,5,0,405
82,1,10206,8,5,1563,2,0,3,6,1,758
83,0,8892,5,5,1065,1,1,3,6,0,461
84,1,8530,7,5,384,2,1,3,7,1,400
85,1,16059,8,5,1288,2,1,4,9,1,462
86,1,11911,6,5,684,2,1,3,6,1,400
87,1,3951,6,5,612,2,1,2,4,0,528
88,0,8470,3,2,1013,1,0,2,6,0,0
89,0,8070,4,5,990,1,0,3,5,0,0
90,0,7200,4,5,0,1,0,2,4,0,420
91,0,8500,5,3,1235,1,0,2,6,0,480
92,1,13360,5,7,876,1,0,2,5,0,432
93,0,7200,6,6,1214,2,0,4,9,1,506
94,1,9337,6,5,824,2,1,3,7,0,684
95,1,9765,6,8,680,2,1,3,6,1,420
96,1,10264,7,5,1588,2,0,3,6,0,472
97,0,10921,4,5,960,1,0,3,6,0,432
98,0,10625,5,5,458,1,0,2,5,0,366
99,0,9320,4,5,950,1,1,3,6,0,0
100,1,10603,6,7,1610,2,0,3,6,2,480
101,1,9206,6,5,741,2,1,3,7,1,476
102,0,7018,5,5,0,2,0,4,8,0,410
103,1,10402,7,5,1226,2,0,3,6,0,740
104,1,7758,7,4,1040,1,1,4,7,2,240
105,1,9375,8,5,1053,2,1,3,9,1,648
106,0,10800,4,7,641,1,0,2,6,0,273
107,0,6000,5,5,789,1,0,2,5,0,250
108,0,8500,5,7,793,2,0,3,7,0,0
109,1,11751,6,6,1844,2,0,3,7,1,546
110,0,9525,6,4,994,2,0,4,7,0,325
111,1,7750,7,5,384,2,1,3,7,1,400
112,1,9965,7,5,1264,2,1,4,10,1,792
113,1,21000,6,5,1809,2,0,3,7,2,450
114,1,7259,6,8,1028,2,1,3,9,1,180
115,1,3230,6,5,729,2,1,2,5,1,440
116,0,11616,5,5,1092,1,0,3,6,1,288
117,0,8536,5,5,1125,1,1,2,5,0,430
118,1,12376,7,5,1673,3,0,5,11,2,594
119,1,8461,6,5,728,2,1,3,8,1,390
120,1,21453,6,5,938,1,0,1,4,2,540
121,0,6060,4,5,732,1,0,3,4,0,264
122,0,9464,6,7,1080,1,0,3,5,0,288
123,0,7892,6,5,1199,2,0,2,5,0,530
124,1,17043,6,5,1362,2,0,3,7,1,435
125,0,6780,6,8,520,1,0,2,5,0,0
126,0,4928,6,5,1078,2,0,2,5,1,440
127,0,4388,5,7,672,1,0,3,5,1,0
128,0,7590,6,5,660,1,1,3,6,1,453
129,0,8973,5,7,1008,1,1,3,6,0,750
130,1,14200,7,6,924,2,1,4,8,2,487
131,1,12224,6,5,992,2,1,3,7,1,390
132,0,7388,5,6,1063,1,0,3,7,0,624
133,1,6853,8,5,1267,2,0,2,6,0,471
134,1,10335,5,6,1461,2,1,3,7,1,440
135,1,10400,7,6,1304,2,0,3,7,1,530
136,0,10355,5,5,1214,2,0,3,5,1,318
137,1,11070,7,5,1907,3,0,5,9,0,766
138,1,9066,8,5,1004,2,1,3,7,2,660
139,1,15426,6,5,928,2,1,3,7,0,470
140,0,10500,4,5,864,1,0,3,5,1,0
141,1,11645,7,5,1734,2,0,3,7,0,660
142,1,8520,5,4,910,2,0,4,6,0,720
143,1,10335,7,5,1490,2,0,3,6,0,577
144,0,9100,5,5,1728,2,0,6,10,0,504
145,0,2522,6,5,970,2,0,3,7,0,380
146,0,6120,5,7,715,1,0,2,5,0,180
147,1,9505,7,5,884,2,1,3,8,1,434
148,0,7500,7,5,1080,1,0,3,6,0,0
149,0,6240,5,4,896,1,0,3,7,0,240
150,0,10356,5,6,969,1,1,3,5,0,440
151,1,13891,8,5,1710,2,0,2,6,1,866
152,1,14803,6,5,825,2,1,4,8,1,495
153,1,13500,6,7,1602,1,0,1,4,1,564
154,0,11340,6,5,1200,1,0,4,7,0,312
155,0,9600,6,5,572,1,0,2,5,0,0
156,0,7200,5,7,0,1,0,2,5,0,625
157,1,12003,8,5,774,2,1,4,8,1,680
158,1,12552,7,5,991,2,1,3,8,1,678
159,1,19378,7,5,1392,2,1,4,9,1,576
160,0,11120,6,6,1232,2,0,3,6,0,516
161,1,13688,9,5,1572,2,1,3,10,2,726
162,1,12182,7,5,1541,2,0,3,7,1,532
163,0,5500,4,6,882,1,0,1,4,0,0
164,0,5400,6,7,1149,2,0,3,5,0,216
165,0,10106,5,7,644,2,0,4,6,0,0
166,1,10708,5,5,1617,1,0,2,7,3,303
167,1,10562,8,5,1582,1,1,3,8,1,789
168,1,8244,7,5,840,2,1,3,7,1,440
169,1,16669,8,6,1686,2,1,2,6,1,511
170,0,12358,5,6,720,1,1,2,7,0,660
171,1,31770,6,5,1080,1,0,3,7,2,528
172,1,5306,7,7,1064,2,0,2,5,1,504
173,0,10197,6,5,1362,1,1,3,6,1,504
174,1,12416,6,5,1606,2,0,3,7,1,616
175,1,12615,6,7,1202,2,0,4,7,1,576
176,1,10029,6,5,1151,2,1,4,8,1,521
177,1,13650,5,5,1052,2,0,4,8,1,451
178,1,17423,9,5,2216,2,0,1,9,1,1166
179,0,8520,5,6,968,1,0,2,5,0,480
180,1,2117,6,5,756,2,1,3,5,1,440
181,1,7588,7,6,793,1,1,4,9,1,216
182,0,9060,5,6,0,1,0,3,7,1,252
183,1,11426,7,5,1362,2,1,3,6,0,484
184,0,7438,5,8,504,1,0,3,5,0,576
185,1,22950,10,9,1107,2,1,4,12,2,840
186,1,9947,7,5,1188,2,0,3,6,0,497
187,0,10410,5,7,660,2,1,3,8,0,180
188,0,7018,5,5,1086,0,2,2,6,2,528
189,1,4923,8,5,1593,1,1,0,5,1,682
190,1,10570,8,8,853,2,1,3,10,2,440
191,1,7472,7,9,725,1,1,4,7,0,484
192,1,9017,7,5,1431,2,0,3,6,0,666
193,0,2522,7,5,970,2,0,3,7,0,380
194,0,7180,5,7,864,1,0,3,5,0,352
195,0,2280,6,6,855,2,1,3,7,1,440
196,1,9416,7,5,1726,2,0,3,8,1,786
197,1,25419,8,4,1360,2,0,4,8,1,795
198,0,5520,6,6,755,1,0,5,8,0,0
199,1,9591,8,5,1713,2,0,3,7,1,856
200,0,8546,4,5,1121,2,0,2,5,0,440
201,1,10125,6,6,1196,2,0,3,6,2,473
202,0,7000,6,6,617,2,0,2,6,0,398
203,0,4438,6,5,848,1,0,1,3,1,420
204,0,3500,5,7,720,1,1,2,5,0,240
205,1,11851,7,5,1424,2,0,3,5,0,500
206,0,13673,5,5,1140,1,1,3,8,1,349
207,0,12493,4,5,1100,1,0,3,6,1,312
208,1,14364,7,5,1157,2,1,3,7,1,454
209,0,8250,6,7,1092,1,0,3,6,0,504
210,0,5604,5,6,864,1,0,2,5,0,0
211,1,10420,6,5,1212,2,0,3,6,0,460
212,1,8640,7,5,900,2,1,3,7,1,644
213,0,13568,5,5,990,1,0,3,5,0,576
214,0,10900,6,7,689,1,1,3,6,0,299
215,0,10011,5,6,1070,1,0,2,6,1,447
216,1,8450,7,5,1436,2,0,3,8,0,484
217,0,9906,4,4,686,1,0,3,8,0,210
218,1,15660,7,9,798,1,1,3,8,2,431
219,1,3010,7,5,1248,2,0,2,5,0,438
220,1,8990,7,5,1498,2,0,2,5,0,675
221,1,8068,6,5,1010,2,1,4,8,1,390
222,1,11475,6,6,713,2,1,3,6,1,434
223,0,10500,4,6,864,1,0,2,4,0,576
224,1,13472,10,5,2392,2,0,3,8,1,968
225,0,1680,5,5,630,2,1,3,6,0,280
226,1,9950,7,5,1203,2,1,4,9,1,721
227,0,1869,6,6,483,1,1,2,5,0,280
228,0,8521,5,5,912,1,0,3,5,1,336
229,1,3182,7,5,1373,2,0,2,7,1,430
230,0,8760,6,6,1194,1,0,3,6,0,312
231,1,15138,8,5,1462,2,1,4,9,1,810
232,0,1680,6,5,483,1,1,2,5,1,288
233,0,10650,5,6,894,1,0,3,5,0,308
234,1,7851,6,5,860,2,1,4,8,2,440
235,0,1680,6,3,483,1,1,2,5,0,264
236,1,8773,7,5,1414,2,0,3,6,0,494
237,1,9453,7,7,996,2,1,3,7,0,457
238,1,12030,8,5,1694,2,0,3,7,0,818
239,0,8741,6,4,735,1,1,3,7,1,220
240,1,9000,8,5,1566,2,0,3,7,0,750
241,0,3880,5,9,686,1,0,2,4,0,0
242,0,5000,5,4,540,1,0,3,6,0,352
243,0,10762,6,6,626,1,1,3,6,1,288
244,1,8880,7,5,948,2,1,3,8,2,463
245,1,10400,7,5,1845,2,0,3,6,1,604
246,0,9142,6,8,1020,2,0,4,9,0,440
247,0,11310,6,5,1367,1,0,2,5,1,451
248,1,11317,7,5,840,2,1,3,8,0,500
249,1,159000,6,7,1444,2,0,4,7,2,389
250,0,5350,3,2,728,1,0,3,6,0,0
251,1,4750,8,5,1573,2,0,2,5,1,538
252,1,8366,6,5,798,2,1,3,6,0,520
253,0,9350,6,7,1302,2,0,3,7,0,309
254,0,8400,5,6,1314,1,0,3,5,0,294
255,1,8738,7,5,975,2,1,4,8,1,429
256,1,8791,6,5,864,2,1,3,7,0,673
257,1,8814,7,5,1604,2,1,3,8,1,660
258,1,12435,7,5,963,2,1,3,7,1,564
259,0,12702,5,5,0,1,0,2,4,0,308
260,1,19296,6,5,1362,1,0,3,6,1,884
261,1,9588,8,5,1482,2,1,3,10,1,868
262,0,8471,6,7,506,1,0,3,6,1,492
263,0,5500,5,7,926,1,0,3,6,0,484
264,0,5232,5,5,680,1,0,2,4,0,504
265,1,12090,6,6,1422,2,0,3,7,1,576
266,1,11207,6,5,802,2,1,3,8,1,413
267,1,8400,5,8,720,2,1,4,8,1,240
268,0,6900,5,6,740,1,0,2,4,1,924
269,0,7917,6,7,1143,1,1,3,6,1,504
270,1,10728,8,5,1095,2,1,3,8,1,1053
271,1,39104,7,7,1385,1,0,2,5,2,439
272,1,11764,8,7,1152,2,1,4,9,1,671
273,0,9600,6,6,1240,2,0,3,6,1,338
274,0,8314,5,7,816,1,0,2,5,0,264
275,1,7264,7,7,952,2,1,3,5,0,672
276,1,9196,7,5,1560,2,0,3,7,0,573
277,0,19138,4,5,864,1,0,2,4,0,400
278,1,14450,9,5,2121,2,1,3,8,1,732
279,1,10005,7,5,1160,2,1,4,8,1,505
280,1,11287,7,6,807,2,1,3,7,1,575
281,1,7200,6,5,1262,2,0,2,5,0,572
282,1,5063,7,5,1314,2,0,2,6,1,626
283,1,9612,8,5,1468,2,0,3,6,1,898
284,1,8012,6,5,1575,2,0,2,5,0,529
285,1,4251,7,5,625,2,1,2,5,0,528
286,0,9786,6,7,912,1,1,3,7,1,440
287,0,8125,4,4,858,1,0,3,5,0,0
288,0,9819,5,5,882,1,0,3,5,0,280
289,0,8730,6,7,698,1,0,3,7,0,384
290,1,15611,8,5,1079,2,1,3,8,1,685
291,0,5687,5,6,780,2,0,6,9,0,0
292,0,11409,5,4,768,1,1,3,8,1,281
293,1,16659,7,7,795,2,1,3,9,1,539
294,1,9600,6,5,1416,1,0,3,7,2,418
295,0,7937,6,6,1003,1,0,3,6,0,588
296,0,13710,5,5,910,1,1,4,6,0,282
297,1,7399,7,5,975,2,1,3,7,1,576
298,1,11700,6,6,702,1,2,3,7,1,539
299,0,14000,6,8,1092,1,0,3,6,1,300
300,0,15750,5,5,1165,1,0,2,5,2,375
301,1,16226,8,5,1028,2,1,4,9,1,683
302,1,13704,7,5,1541,2,0,3,6,1,843
303,0,9800,5,7,894,1,0,3,5,0,552
304,1,18386,7,9,1470,3,0,3,10,1,870
305,1,10386,8,5,2000,2,0,3,8,0,888
306,1,13474,7,5,700,2,1,4,8,1,746
307,0,7920,6,7,319,1,0,3,6,0,0
308,0,12342,4,5,861,1,0,1,4,0,539
309,1,12378,9,5,1896,2,0,3,8,3,708
310,1,7685,6,5,697,2,1,3,6,1,420
311,0,8000,6,6,972,1,0,2,5,1,240
312,0,7800,5,7,793,1,0,3,5,1,410
313,1,215245,7,5,2136,2,0,3,8,2,513
314,1,9600,7,7,728,1,1,3,6,1,546
315,1,7795,7,5,716,2,1,3,6,1,432
316,1,13005,7,7,845,2,1,4,10,1,484
317,1,9000,8,5,1088,2,1,3,8,1,1025
318,1,9900,7,5,1347,2,1,4,9,1,656
319,1,14115,7,5,1372,2,0,3,6,2,588
320,1,16259,9,5,1249,3,1,4,9,0,840
321,1,12099,8,5,1136,2,1,4,10,1,872
322,1,10380,7,5,1502,2,1,4,8,1,576
323,0,5820,3,8,1162,1,0,3,6,0,220
324,1,11275,7,7,710,2,1,5,11,1,564
325,0,5000,5,6,720,1,0,2,5,0,360
326,1,10846,8,5,1719,1,1,1,6,2,473
327,0,11600,6,5,1383,1,1,3,7,0,292
328,1,11888,6,6,844,2,0,5,10,0,441
329,0,6402,5,5,596,1,0,3,6,0,189
330,0,10624,5,4,1728,2,0,6,10,0,352
331,0,8176,5,6,1056,1,0,3,6,0,308
332,1,10655,8,5,3206,2,0,3,7,1,880
333,1,8198,7,5,1358,2,0,2,6,1,484
334,1,9042,6,5,943,2,1,3,7,2,472
335,1,164660,5,6,1499,2,0,3,7,2,529
336,1,14157,9,5,1922,2,0,3,8,1,676
337,1,9135,7,5,1536,2,0,3,7,0,532
338,1,14145,7,7,1208,2,0,3,8,0,440
339,0,12400,6,7,1215,1,0,3,6,0,297
340,1,14191,8,5,967,2,1,4,9,0,431
341,0,8400,4,4,721,1,0,2,4,0,294
342,0,8544,3,4,0,2,0,2,6,0,400
343,1,8849,9,5,1684,2,0,2,6,1,564
344,0,2592,5,3,536,1,1,3,4,0,336
345,0,6435,6,5,972,1,0,3,6,1,312
346,0,12772,6,8,958,1,0,2,5,0,301
347,0,17600,6,5,1478,2,0,3,6,2,498
348,0,2448,7,5,764,2,1,2,6,0,474
349,1,20431,9,5,1848,2,1,4,10,2,706
350,1,7820,9,5,1869,2,0,2,6,1,617
351,1,5271,7,5,1453,1,1,2,6,1,445
352,0,9084,5,6,616,1,0,3,5,0,200
353,0,8520,6,8,624,1,0,2,5,0,484
354,0,8400,6,5,940,1,0,2,6,2,240
355,1,11249,6,5,1200,2,0,3,6,0,521
356,1,9248,6,6,1158,2,0,3,6,0,400
357,0,4224,5,5,1142,1,1,3,6,1,528
358,0,6930,5,4,1062,1,0,3,6,0,288
359,1,12011,8,5,1086,2,1,3,7,1,592
360,0,7540,6,6,888,1,0,2,5,1,470
361,0,9144,5,5,883,1,0,3,8,0,240
362,1,7301,7,5,0,3,0,4,7,1,672
363,0,1680,6,8,483,1,1,2,5,0,264
364,1,18800,6,5,796,2,1,3,6,1,566
365,0,10690,5,7,672,1,0,3,6,0,468
366,0,9500,6,5,1394,1,1,3,6,2,514
367,1,9150,6,5,1099,1,0,3,6,1,296
368,0,7800,5,6,1268,1,0,2,7,1,244
369,0,9830,5,7,1063,1,0,3,7,1,576
370,1,8121,6,5,953,2,1,3,7,1,460
371,0,17120,4,4,0,2,0,4,7,1,680
372,0,7175,6,5,744,1,0,2,4,0,264
373,0,10634,5,6,608,1,0,3,5,0,270
374,1,8200,7,5,847,2,1,4,8,1,434
375,0,10020,1,1,683,0,1,1,4,0,0
376,0,8846,5,5,870,1,0,2,5,0,576
377,1,11143,8,5,1580,3,0,4,8,1,610
378,1,11394,9,2,1856,1,1,1,8,1,834
379,1,8123,6,5,982,2,1,3,7,1,463
380,0,5000,5,6,1026,2,0,3,6,1,308
381,1,7200,7,5,1293,2,0,2,5,1,572
382,1,9245,7,5,939,2,1,3,8,0,639
383,0,9000,6,3,784,1,0,2,5,0,360
384,1,53107,6,5,1580,2,1,3,9,2,501
385,1,3182,8,5,1256,2,0,2,6,1,430
386,0,8410,5,3,658,1,0,5,8,0,0
387,0,7200,6,6,1041,1,0,3,6,1,352
388,1,9382,7,5,1468,2,0,3,6,0,577
389,1,12474,10,5,1682,2,1,3,9,1,846
390,0,8405,5,8,861,1,0,4,7,0,384
391,1,12209,6,5,804,2,1,3,7,1,560
392,0,8339,5,7,0,1,0,3,5,0,294
393,0,7446,4,5,788,1,0,2,4,2,0
394,0,10134,5,6,735,1,0,2,5,0,240
395,0,9571,5,6,1144,1,0,3,6,0,596
396,0,7200,5,5,894,1,0,2,6,0,600
397,1,7590,5,5,864,2,0,4,8,1,264
398,0,8967,5,2,961,1,0,2,6,0,338
399,1,8125,7,5,1092,2,0,2,7,0,438
400,1,14963,8,5,1260,1,1,1,4,2,500
401,1,8767,7,5,1310,2,0,3,6,1,400
402,0,10200,5,8,672,1,0,2,4,0,240
403,1,12090,8,5,1141,2,1,4,10,1,420
404,1,10364,6,5,806,2,1,3,7,1,373
405,0,9991,4,4,1281,2,0,3,8,1,490
406,0,10480,6,5,1064,1,0,3,6,0,240
407,1,15576,6,7,840,2,0,4,8,0,308
408,1,14154,7,5,1063,2,1,3,9,1,947
409,1,10800,8,5,1034,2,1,3,8,1,836
410,0,9571,5,3,1276,1,0,3,5,0,350
411,0,34650,5,5,1056,1,0,3,5,0,572
412,1,4403,7,5,1470,2,1,2,7,1,484
413,0,8960,5,6,1008,1,0,2,5,1,360
414,1,11228,7,5,1080,2,1,3,9,1,678
415,1,8899,7,5,1340,2,0,3,6,0,396
416,0,7844,6,7,672,1,1,3,6,1,440
417,1,22420,6,6,1370,2,1,4,10,1,864
418,0,8160,5,6,756,1,1,3,7,0,240
419,0,8450,5,6,1056,1,0,3,6,1,304
420,1,7060,7,5,1344,2,0,2,8,0,784
421,1,16635,6,7,1602,2,0,3,8,1,529
422,0,21750,5,5,988,1,0,2,4,0,520
423,1,9200,8,5,1470,2,1,4,8,1,696
424,0,9000,6,5,1196,1,0,2,6,1,297
425,0,3378,7,8,651,1,1,3,6,2,240
426,1,12800,7,5,1518,2,0,2,5,1,569
427,0,8593,4,6,907,1,0,3,5,0,352
428,1,6762,7,5,1208,2,0,2,6,0,628
429,1,11457,6,5,1392,2,0,3,6,1,576
430,0,1680,6,5,483,1,1,2,4,0,264
431,0,5586,6,7,901,1,0,4,7,0,0
432,0,1920,5,5,765,1,1,2,6,0,440
433,1,10839,6,5,926,2,1,3,7,1,470
434,0,1890,4,7,630,1,0,1,3,0,0
435,1,10667,7,6,799,2,1,3,6,1,550
436,0,4400,6,8,648,1,0,2,6,0,440
437,0,6000,6,7,884,1,0,2,4,0,180
438,0,4280,5,6,440,1,0,2,4,1,352
439,0,12354,6,8,684,1,0,3,7,0,528
440,1,15431,10,5,3094,2,0,2,10,2,672
441,0,12108,4,4,1440,2,0,4,8,0,0
442,0,6240,5,7,1078,2,0,3,8,1,360
443,1,3922,7,5,1258,2,0,2,6,1,648
444,1,8750,7,5,915,2,1,4,8,1,493
445,0,9855,6,5,1436,1,0,3,7,1,480
446,1,16492,6,6,1517,2,1,2,6,1,578
447,1,11214,7,5,930,2,1,4,10,1,431
448,0,8600,6,6,780,2,0,3,7,1,198
449,0,6000,3,7,649,1,1,2,6,0,308
450,0,5684,6,8,813,1,0,2,5,0,270
451,1,70761,7,5,1533,2,0,2,5,2,576
452,1,9303,6,5,872,2,1,3,7,0,422
453,1,9000,8,5,768,2,1,3,6,0,676
454,1,9297,5,5,1728,2,0,4,8,0,560
455,1,9600,7,6,1242,1,1,3,6,1,528
456,0,4571,5,5,624,1,0,4,7,0,513
457,1,53227,4,6,1364,1,0,2,6,2,529
458,0,5100,8,7,588,1,0,3,7,1,228
459,0,7015,5,4,709,1,0,3,5,1,352
460,1,8004,8,5,832,2,1,3,8,0,552
461,0,7200,7,9,560,1,0,3,6,0,576
462,0,8281,5,5,864,1,0,3,5,1,360
463,1,11988,6,7,715,1,1,3,6,1,240
464,0,8430,5,5,1040,2,0,3,5,0,0
465,1,3072,7,5,1375,2,0,2,6,1,398
466,1,10628,7,5,1277,1,0,2,5,1,526
467,0,9480,5,7,728,1,1,3,7,2,312
468,1,11428,8,5,1626,2,0,3,7,1,866
469,1,9291,6,5,832,2,1,3,7,0,506
470,1,6820,8,5,1488,1,1,1,4,0,528
471,1,11952,7,6,808,2,1,3,8,1,534
472,0,3675,6,5,547,1,0,2,5,0,525
473,1,14977,8,5,1976,2,0,2,7,1,908
474,1,5330,8,5,1494,2,0,2,6,0,499
475,0,8480,5,6,970,1,0,2,5,0,624
476,1,13125,6,5,1478,2,0,3,7,1,508
477,1,13693,9,5,2153,2,1,3,9,1,694
478,1,10637,8,5,1705,2,0,3,7,1,826
479,0,5925,4,7,907,1,0,2,7,0,672
480,1,16033,9,5,1833,2,0,3,8,1,772
481,1,11846,9,5,1792,2,0,2,6,1,874
482,0,2500,7,8,910,1,1,4,7,1,164
483,1,4500,6,5,1216,2,0,2,5,0,402
484,0,7758,5,7,999,1,0,3,6,0,264
485,0,9600,5,7,1113,1,0,3,5,1,264
486,0,10289,5,7,1073,1,1,3,6,0,515
487,1,12243,5,6,1484,2,0,3,7,1,487
488,0,10800,5,4,954,2,0,3,10,1,520
489,0,1526,4,8,630,1,0,1,3,0,286
490,0,2665,5,6,264,1,1,3,4,1,336
491,0,9490,6,7,806,1,0,3,5,2,240
492,1,15578,6,5,728,2,1,3,8,0,429
493,0,7931,5,6,1269,1,1,3,6,1,308
494,0,5784,5,8,190,1,0,2,4,0,273
495,0,7879,4,5,720,1,0,2,4,0,0
496,1,12692,8,5,3200,3,0,4,10,1,546
497,1,9120,7,6,1026,2,0,4,8,0,240
498,0,7800,5,7,864,1,0,3,5,0,288
499,0,7535,5,7,912,1,0,2,5,0,297
500,0,1890,6,5,672,1,1,3,7,0,264
501,1,9803,7,5,866,2,1,3,7,0,603
502,0,9170,5,7,1214,1,0,2,6,0,461
503,1,15602,7,8,1501,2,0,1,6,2,484
504,0,2308,6,5,855,2,1,3,6,1,440
505,0,7596,5,5,960,2,0,4,10,0,400
506,1,9554,8,5,777,2,1,3,8,1,471
507,1,7862,6,5,1218,2,0,2,4,0,676
508,0,9600,7,9,689,2,0,3,7,1,360
509,0,9600,5,6,1041,1,0,3,6,0,270
510,1,14559,5,7,1008,1,0,2,6,2,288
511,1,6792,7,5,1368,2,0,2,6,1,474
512,0,9100,5,5,864,1,0,3,5,0,624
513,0,9187,6,5,1084,1,1,3,5,0,484
514,0,10594,5,5,768,1,0,2,5,0,200
515,1,12220,10,5,2006,2,1,3,9,1,900
516,0,10448,6,6,689,2,1,3,7,1,583
517,1,10208,7,5,1264,2,1,3,7,1,889
518,1,9531,6,5,794,2,1,3,7,0,546
519,1,10918,7,9,1276,1,1,3,9,2,282
520,0,10800,4,7,0,2,0,3,7,0,0
521,0,11988,6,6,1244,1,1,3,6,2,336
522,0,5000,6,7,1004,2,0,3,7,2,420
523,1,40094,10,5,3138,3,1,3,11,1,884
524,1,11787,7,5,1379,2,1,3,8,1,834
525,1,7500,7,5,1257,2,0,3,6,1,453
526,0,13300,5,7,928,1,0,2,4,0,252
527,1,14948,9,5,1452,2,1,3,11,1,858
528,0,9098,4,7,528,1,0,2,5,0,0
529,1,32668,6,3,2035,3,0,4,9,2,484
530,1,10200,6,5,1461,2,0,3,5,1,600
531,0,6155,6,8,611,2,0,3,6,0,502
532,0,7200,5,7,0,1,0,2,5,1,392
533,0,5000,1,3,0,1,0,1,2,0,0
534,1,9056,8,5,707,2,1,3,6,1,403
535,0,7000,5,7,1117,1,0,3,5,0,0
536,1,8924,7,5,880,2,1,3,8,0,527
537,0,12735,4,5,864,1,0,3,5,0,576
538,0,11553,5,5,1051,1,1,3,7,1,336
539,1,11423,8,5,1581,2,0,3,6,1,670
540,1,14601,9,5,1838,2,0,2,8,1,765
541,1,11000,8,5,969,2,1,4,8,1,648
542,1,10140,7,5,1650,2,0,3,7,1,583
543,0,4058,7,5,723,1,0,1,4,0,367
544,1,17104,7,5,654,2,1,3,7,1,426
545,1,13837,7,5,1204,2,1,4,9,0,786
546,1,8737,6,7,1065,1,1,3,6,1,440
547,0,7244,5,7,768,1,0,2,5,0,624
548,0,8235,5,7,825,1,0,2,4,0,720
549,1,9375,7,5,912,2,1,4,8,1,615
550,0,4043,6,6,1069,2,0,2,4,0,440
551,0,6000,5,6,928,1,0,3,5,0,288
552,1,11146,8,5,1709,2,0,3,7,1,908
553,0,8777,4,5,0,2,0,2,5,0,520
554,1,10625,7,5,998,2,1,3,8,1,871
555,0,6380,5,6,993,1,0,2,5,1,280
556,0,14850,5,5,1092,1,0,2,6,1,299
557,0,11040,4,6,637,1,1,3,7,0,570
558,1,21872,7,5,729,2,1,3,6,1,406
559,1,3196,7,5,1374,2,0,2,7,1,420
560,0,11341,5,6,1392,1,1,3,5,1,528
561,1,10010,5,5,1389,1,0,2,6,1,418
562,0,13907,5,6,996,1,0,3,6,1,0
563,1,21780,6,7,1163,2,0,4,8,1,396
564,1,13346,7,5,1095,2,1,4,9,1,590
565,0,6858,6,4,806,1,1,4,6,0,216
566,1,11198,9,5,1122,2,1,4,11,1,656
567,1,10171,7,5,1517,2,0,3,7,0,532
568,1,12327,8,8,1496,1,1,1,5,1,612
569,0,7032,5,5,943,1,0,2,4,2,600
570,0,13101,5,5,1728,2,0,6,10,0,576
571,0,7332,6,6,864,1,0,2,4,0,288
572,1,13159,7,5,846,2,1,3,6,0,650
573,1,9967,7,5,384,2,1,3,8,1,400
574,0,10500,5,7,372,1,0,3,5,0,288
575,0,8480,5,5,832,1,0,2,6,0,336
576,0,6292,7,7,861,2,0,3,6,1,216
577,1,11777,5,6,1164,1,0,3,6,2,564
578,0,3604,7,5,689,2,0,2,5,0,540
579,0,12150,5,5,1050,2,0,4,7,0,352
580,1,14585,6,6,1144,1,0,3,7,2,572
581,1,12704,8,5,2042,2,1,3,8,1,1390
582,0,11841,6,5,816,1,0,3,5,0,0
583,1,13500,10,9,1237,3,1,3,9,1,880
584,0,6120,4,7,884,1,0,3,6,0,240
585,1,11443,8,5,1868,2,0,2,7,2,880
586,0,10267,6,7,816,1,0,2,5,0,275
587,0,8740,5,6,840,1,0,2,4,0,528
588,0,25095,5,8,1437,1,0,1,5,2,452
589,0,9100,5,6,742,1,0,2,4,0,308
590,1,8320,7,5,770,2,1,3,6,0,520
591,1,13478,10,5,1722,2,1,3,10,1,842
592,0,6600,5,8,816,1,0,2,4,0,816
593,0,4435,6,5,848,1,0,1,4,0,420
594,0,7990,5,6,924,1,0,3,5,0,280
595,1,11302,8,5,1814,2,0,3,7,1,758
596,0,3600,6,7,684,1,0,3,7,0,216
597,1,3922,7,5,1258,0,2,2,7,1,648
598,1,12984,5,6,1430,2,0,3,7,1,621
599,0,1950,6,6,716,2,1,3,6,1,452
600,1,10927,8,5,1058,2,1,3,8,1,736
601,0,9000,6,6,780,1,1,3,6,1,544
602,1,10041,8,5,908,2,1,3,8,1,506
603,0,3182,7,5,600,2,1,2,4,0,480
604,1,12803,7,5,1494,2,0,3,6,1,530
605,1,13600,7,6,768,2,1,3,7,3,486
606,0,12464,5,5,1040,1,0,3,6,0,576
607,1,7800,5,8,896,3,0,3,8,0,230
608,1,12168,8,6,965,2,1,4,10,2,380
609,0,7943,4,5,1029,1,0,3,5,0,261
610,1,11050,9,5,1440,2,1,3,8,2,736
611,0,10395,6,6,1032,2,0,3,6,1,564
612,1,11885,8,5,1299,2,1,3,7,1,531
613,0,8402,5,5,1120,1,0,3,6,0,0
614,0,1491,4,6,630,1,0,1,3,0,0
615,0,8800,6,7,936,1,0,3,6,0,480
616,1,7861,6,5,783,2,1,3,7,1,393
617,0,7227,6,6,832,1,0,2,4,0,528
618,1,11694,9,5,1822,2,0,3,9,1,774
619,1,12244,8,5,1482,2,1,4,10,2,749
620,0,8248,3,3,864,1,0,2,5,0,0
621,1,10800,6,7,1522,2,1,4,9,1,624
622,0,7064,5,6,980,1,0,3,6,0,484
623,1,2117,6,5,756,2,1,2,4,1,440
624,1,10400,6,5,732,1,2,4,8,1,484
625,0,10000,6,6,1116,1,1,3,5,0,440
626,0,12342,5,5,978,1,0,3,6,1,286
627,0,9600,6,6,1156,1,0,3,7,2,364
628,0,11606,5,5,1040,1,2,5,9,2,504
629,1,9020,6,5,1248,1,1,3,6,0,520
630,0,9000,5,6,636,1,0,3,8,0,240
631,1,4590,8,5,1554,2,0,2,6,1,627
632,0,11900,7,5,1386,2,0,3,6,1,544
633,0,9250,5,7,1056,1,0,3,6,0,260
634,0,6979,6,5,1056,0,0,0,4,0,576
635,1,10896,6,7,1440,2,0,8,14,0,0
636,0,6120,2,3,264,1,0,1,4,1,0
637,0,6000,5,4,811,2,0,3,7,0,256
638,0,8777,5,7,796,1,0,2,4,0,0
639,1,3982,8,5,1520,2,0,1,7,1,648
640,1,12677,8,5,1518,1,1,1,6,1,588
641,1,7050,7,5,1057,2,1,3,7,1,650
642,1,13860,8,7,1952,2,1,4,9,3,538
643,0,10793,5,5,780,2,1,4,7,0,462
644,1,9187,9,5,1766,2,1,2,7,1,478
645,0,10530,6,5,981,1,1,3,5,0,576
646,0,7200,5,5,0,1,0,3,7,0,420
647,0,10452,6,5,1094,1,0,3,5,2,495
648,0,7700,6,5,756,1,1,4,7,1,442
649,0,1936,4,6,630,1,0,1,3,0,0
650,1,8125,7,6,813,2,1,3,7,0,562
651,0,9084,4,5,755,1,0,4,7,1,296
652,1,8750,7,5,880,2,1,2,7,1,512
653,0,10320,6,7,756,1,0,3,7,0,216
654,1,10437,8,6,2109,2,1,2,7,1,839
655,0,1680,6,5,525,1,1,3,6,0,264
656,0,10007,5,7,1053,1,1,3,5,0,312
657,0,7200,7,6,776,1,1,3,6,1,270
658,0,17503,6,5,912,1,0,3,6,1,330
659,1,9937,5,7,1486,1,0,3,7,0,480
660,1,12384,7,7,793,2,1,3,7,1,550
661,1,46589,8,7,1629,2,1,4,8,1,711
662,0,13560,6,3,1392,1,0,2,5,2,576
663,0,10012,4,5,1138,2,0,3,6,0,588
664,1,20896,8,5,2077,1,1,1,8,1,1134
665,1,11194,8,5,1406,2,1,3,7,1,504
666,0,18450,6,5,1021,2,1,3,7,1,596
667,1,8125,6,5,1408,2,0,3,7,1,575
668,1,14175,5,6,1188,1,1,3,6,1,576
669,0,11600,4,5,700,1,0,2,5,1,252
670,1,8633,6,5,738,2,1,3,7,0,540
671,0,6629,6,6,672,2,0,3,6,0,300
672,1,11250,6,6,1208,1,1,3,6,1,546
673,1,14442,6,7,1477,2,0,3,7,2,416
674,0,9200,6,6,1136,1,0,3,5,1,384
675,0,2289,6,6,855,2,1,3,7,1,440
676,0,9600,4,2,1095,2,0,4,8,0,779
677,0,9022,5,8,768,1,0,2,5,0,240
678,1,11844,8,5,2046,2,1,3,7,1,834
679,0,9945,5,5,988,1,0,3,5,0,572
680,0,8012,6,5,923,2,0,2,5,1,264
681,0,4500,5,5,793,1,0,3,6,0,281
682,1,2887,6,5,1291,1,0,2,6,1,431
683,1,11248,9,5,1626,2,0,3,7,1,702
684,1,16770,7,5,1195,2,1,4,7,0,486
685,1,5062,7,5,1190,2,0,3,6,1,577
686,1,10207,7,6,874,3,0,3,7,0,578
687,0,5105,7,5,551,2,1,2,4,0,480
688,1,8089,8,6,1419,2,0,2,7,1,567
689,1,7577,6,5,1362,2,0,2,6,1,460
690,0,4426,6,5,848,1,0,1,3,1,420
691,1,21535,10,6,2444,3,1,4,10,2,832
692,1,26178,7,5,1210,2,1,4,9,2,628
693,0,5400,5,6,1073,1,0,2,4,0,326
694,0,6120,5,6,927,1,1,3,5,0,576
695,1,13811,6,6,1112,2,0,2,5,1,551
696,0,6000,5,7,616,1,0,2,4,0,205
697,0,6420,5,7,980,1,0,2,6,0,308
698,0,8450,5,8,894,1,0,3,5,1,336
699,1,4282,7,5,1391,2,0,2,5,0,530
700,1,14331,8,5,1800,2,0,3,7,1,765
701,0,9600,7,5,1164,1,1,3,6,0,528
702,1,12438,8,5,1234,2,1,4,10,1,666
703,0,7630,5,9,360,2,0,4,8,1,672
704,1,8400,7,5,1473,2,0,3,7,0,606
705,0,5600,4,5,0,2,0,3,7,0,0
706,1,115149,7,5,1643,2,0,2,5,2,739
707,1,6240,8,5,1324,2,0,2,6,1,550
708,1,9018,7,5,728,2,1,3,8,1,400
709,0,7162,5,7,876,1,0,3,6,0,408
710,0,4130,3,6,270,1,0,2,5,0,0
711,0,8712,4,7,859,1,0,2,7,0,384
712,1,4671,8,5,1228,2,0,2,5,1,472
713,0,9873,4,5,960,1,0,3,6,0,576
714,0,13517,6,8,725,2,1,3,6,0,475
715,1,10140,6,5,1064,2,0,3,7,1,478
716,0,10800,7,8,718,1,1,3,8,0,704
717,0,10000,5,6,1176,1,1,3,5,1,439
718,1,10542,7,5,1311,2,1,3,9,1,983
719,0,9920,5,6,971,1,1,3,5,1,300
720,1,6563,8,5,1742,2,0,2,5,1,564
721,0,4426,6,5,848,1,0,1,3,0,420
722,0,8120,4,7,864,1,0,3,5,0,463
723,0,8172,4,6,941,2,0,4,7,0,548
724,1,13286,9,5,1698,2,0,3,8,1,768
725,0,6960,4,6,864,1,0,3,5,0,660
726,1,21695,6,9,880,2,0,3,5,1,540
727,1,7314,7,5,1232,2,0,2,6,0,632
728,0,11475,5,5,1584,2,0,4,9,0,888
729,0,6240,4,5,780,1,0,2,5,0,539
730,1,5389,8,5,1595,2,0,2,5,1,608
731,1,9590,7,5,868,2,0,3,6,1,438
732,1,11404,7,5,1153,2,1,3,8,1,541
733,0,10000,5,6,864,1,0,3,6,1,264
734,0,8978,5,5,948,1,0,3,6,0,300
735,0,10800,7,7,880,1,1,2,6,2,320
736,0,8544,3,4,0,2,0,2,6,0,400
737,1,10463,8,5,893,2,1,3,8,1,800
738,1,10800,5,5,1200,3,0,3,5,0,0
739,1,9313,7,5,864,2,1,3,7,0,572
740,0,9600,5,7,264,2,0,2,7,0,360
741,0,6768,6,8,912,1,0,3,5,0,288
742,1,8450,7,5,1349,2,0,3,6,0,539
743,1,12886,5,6,520,2,0,3,6,1,480
744,1,5395,8,5,1337,2,0,2,5,1,462
745,1,8963,8,9,1142,3,1,4,11,2,831
746,1,8795,7,5,952,2,1,4,8,1,554
747,1,11700,7,7,1240,1,1,4,8,1,864
748,1,10593,7,5,1720,2,0,3,7,1,527
749,0,8405,4,3,0,2,0,4,9,0,240
750,0,8800,4,7,576,1,0,3,7,0,0
751,0,7750,7,5,660,2,1,3,6,0,400
752,1,9236,6,5,1479,2,0,3,6,0,576
753,1,10240,8,5,1030,2,1,3,8,1,878
754,0,7930,6,8,1026,1,0,3,5,0,440
755,1,3230,6,5,729,2,1,3,6,0,440
756,1,10769,8,5,866,2,1,3,7,0,578
757,0,11616,6,5,672,2,1,3,6,1,440
758,1,2280,7,5,744,2,1,3,6,0,440
759,1,12257,8,5,1318,2,1,4,9,1,752
760,0,9100,6,6,864,1,0,2,5,0,300
761,0,6911,5,5,1145,1,0,2,5,0,440
762,1,8640,7,5,756,2,1,3,7,0,614
763,1,9430,8,5,1252,2,1,3,8,1,856
764,1,9549,8,5,1494,1,1,2,6,1,481
765,1,14587,9,5,1498,2,0,2,6,1,592
766,1,10421,7,5,980,2,1,3,7,1,496
767,0,12508,6,7,983,2,0,4,7,0,423
768,1,9100,7,5,1860,2,0,3,8,1,484
769,1,53504,8,5,1650,3,1,4,12,1,841
770,0,7252,5,5,858,1,0,2,5,0,576
771,0,8877,4,5,836,1,0,2,6,0,396
772,0,7819,6,5,1029,1,0,3,6,1,672
773,0,10150,5,5,912,1,0,2,5,0,275
774,1,14226,8,5,1935,2,0,3,9,1,895
775,0,4500,6,5,1204,2,0,2,5,0,412
776,1,11210,7,5,1614,2,0,3,7,0,865
777,0,13350,5,5,864,1,0,3,5,1,440
778,0,8400,5,5,0,2,0,4,10,2,630
779,0,10530,6,5,975,1,0,2,4,0,504
780,1,7875,7,5,1237,2,0,3,6,1,402
781,1,7153,6,5,761,2,1,3,7,0,484
782,1,16285,7,5,1413,2,0,3,6,0,605
783,1,9101,5,6,1097,1,0,1,4,1,602
784,0,6300,6,6,742,2,0,3,9,1,0
785,0,9790,6,5,1372,2,0,3,7,1,457
786,0,10800,5,6,686,2,0,4,7,0,416
787,1,10142,7,5,956,2,1,4,8,0,618
788,0,6000,4,7,901,1,0,2,4,0,281
789,1,12205,6,8,832,2,1,5,9,0,444
790,0,3182,7,5,1145,2,0,2,5,1,397
791,0,11333,6,5,1029,1,0,3,5,2,539
792,1,9920,7,5,1117,2,1,3,8,1,455
793,1,9158,8,5,1496,2,0,3,7,0,474
794,1,10832,7,5,712,2,1,3,7,1,409
795,1,8400,6,6,650,2,1,3,7,1,476
796,0,8197,6,5,660,1,1,3,7,1,528
797,0,7677,5,5,773,1,0,2,4,0,240
798,1,13518,9,5,1926,3,1,4,11,2,820
799,1,7200,5,7,731,1,1,3,7,2,240
800,1,12798,6,5,616,2,1,4,8,0,603
801,0,4800,4,7,1196,1,0,2,5,0,440
802,1,8199,7,5,728,2,1,3,7,1,410
803,1,13891,9,5,1734,3,1,4,12,1,1020
804,0,9000,5,5,936,1,0,2,5,0,286
805,1,12274,7,5,1417,2,0,3,6,0,554
806,0,9750,5,5,980,2,0,3,6,0,384
807,1,21384,5,6,1324,1,1,3,6,1,528
808,0,13400,5,5,1024,1,0,3,6,1,484
809,0,8100,5,5,849,2,0,2,11,0,360
810,1,10140,6,6,1040,1,1,3,5,1,484
811,0,4438,6,5,848,1,0,1,4,1,420
812,0,8712,5,5,540,1,0,2,4,0,504
813,0,9750,6,6,1442,1,1,4,7,0,301
814,0,8248,5,7,686,1,1,3,7,0,280
815,1,12137,7,5,1649,2,0,3,6,0,598
816,0,11425,5,6,1008,1,0,2,4,1,275
817,1,13265,8,5,1568,2,0,3,7,2,857
818,0,8816,6,7,1010,1,0,3,6,0,440
819,1,6371,7,5,1358,2,0,2,6,1,484
820,1,7226,7,5,798,2,1,3,6,0,595
821,0,6000,4,4,936,1,0,2,4,0,576
822,1,12394,7,5,847,2,1,3,7,1,433
823,0,9900,6,7,778,2,0,3,7,1,240
824,1,11216,8,5,1489,2,0,3,7,1,776
825,1,14803,10,5,2078,2,0,2,7,1,1220
826,0,6130,5,6,784,1,0,2,5,0,0
827,1,8529,7,5,1454,2,0,3,6,1,527
828,1,28698,5,5,1013,2,1,3,7,0,538
829,0,2544,7,5,600,2,1,2,4,0,480
830,1,11900,6,5,1392,1,1,3,6,2,458
831,0,3180,7,5,600,2,1,2,4,0,480
832,1,9548,7,6,941,2,1,3,7,1,613
833,1,10004,6,6,1516,1,1,3,6,0,472
834,0,7875,5,6,1144,1,0,3,6,0,456
835,0,9600,4,7,1067,2,0,2,4,0,436
836,0,8100,5,6,1559,1,0,2,5,0,812
837,0,1680,6,5,483,1,1,2,5,0,264
838,0,9525,5,6,1099,1,1,3,6,0,352
839,0,11767,5,6,768,1,0,3,6,0,240
840,0,12155,6,8,672,2,0,4,7,0,400
841,0,10440,5,8,650,2,0,3,8,1,686
842,1,9020,6,7,1127,1,1,3,6,0,490
843,0,8000,5,4,1800,2,0,6,10,0,0
844,0,12665,5,8,876,1,1,4,7,1,720
845,1,16647,5,5,1390,2,0,3,6,2,611
846,1,9317,7,5,740,2,1,3,7,1,425
847,0,15523,5,6,864,1,0,3,5,1,338
848,1,45600,6,8,907,3,0,5,10,1,360
849,1,9600,6,7,528,2,1,3,7,1,512
850,0,4435,6,5,848,1,0,1,3,0,420
851,1,3196,8,5,1273,2,0,2,7,1,400
852,1,7128,7,5,918,2,0,4,7,2,240
853,0,12095,6,6,1127,1,1,3,7,1,645
854,1,17920,5,4,1763,1,1,3,6,1,454
855,0,6897,5,8,1040,1,1,3,6,0,260
856,0,10970,6,6,940,1,0,3,5,0,576
857,1,8125,6,5,702,2,1,3,6,1,343
858,0,10400,7,5,1090,2,0,3,6,1,479
859,1,11029,6,7,1054,2,1,4,9,1,619
860,1,7642,7,8,912,1,1,3,7,1,216
861,0,11625,5,4,1039,1,1,3,6,0,504
862,0,9672,6,5,1040,2,0,3,6,0,480
863,0,7931,5,5,1148,1,0,3,6,0,672
864,1,8640,7,5,1372,2,0,3,6,0,529
865,0,8750,5,6,1002,1,0,3,5,0,902
866,1,10656,8,5,1638,2,0,3,6,1,870
867,0,6970,4,5,1040,1,1,3,5,0,544
868,1,14762,5,6,0,2,0,2,7,1,672
869,1,9938,7,5,1050,2,1,3,8,1,574
870,0,6600,5,5,894,1,0,2,5,0,308
871,1,8750,6,5,804,2,1,3,7,0,523
872,0,8892,5,7,105,1,0,3,5,0,414
873,0,12144,5,7,832,1,0,3,6,1,288
874,0,5720,5,6,676,1,1,3,5,0,200
875,1,9000,8,5,1184,2,1,4,11,1,550
876,0,25286,4,5,1064,1,0,3,5,0,648
877,1,8834,9,5,1462,2,1,4,10,1,738
878,0,11782,5,7,1109,1,0,3,6,0,576
879,0,7000,5,8,864,1,0,3,6,0,336
880,0,7024,5,5,1090,1,1,2,5,0,450
881,1,13758,7,5,1156,2,1,3,7,1,400
882,1,9636,6,5,808,2,1,3,7,1,389
883,0,6204,4,5,795,1,0,5,10,0,440
884,0,7150,5,5,892,1,0,3,5,0,288
885,1,5119,9,5,1698,2,0,2,5,1,506
886,0,8393,5,5,1626,2,0,4,8,0,588
887,0,16466,5,7,816,1,1,3,8,0,300
888,1,15865,8,6,2217,2,0,4,8,1,621
889,0,12160,6,4,1505,1,0,2,6,1,505
890,0,8064,5,7,672,1,0,3,6,1,576
891,1,11184,6,5,918,2,1,3,7,1,440
892,0,8414,6,8,1059,1,0,3,6,0,264
893,1,13284,5,5,1383,1,0,3,6,1,354
894,0,7018,5,5,0,2,0,4,8,0,400
895,0,7056,6,5,780,1,1,4,8,1,483
896,0,8765,4,6,951,1,0,2,6,0,327
897,0,7018,5,5,0,2,0,6,12,0,528
898,1,12919,9,5,2330,2,1,2,11,2,820
899,0,6993,5,7,912,1,0,3,6,1,288
900,0,7340,4,6,858,1,0,2,4,0,684
901,0,8712,5,7,992,1,0,2,5,0,756
902,1,7875,7,5,783,2,1,3,8,1,393
903,1,14859,7,5,1670,2,0,3,7,1,690
904,0,6173,5,6,876,1,0,3,6,0,288
905,0,9920,5,5,1056,1,0,3,6,0,280
906,1,13501,8,5,1623,2,0,3,8,1,865
907,1,11500,7,7,1017,1,1,3,6,1,180
908,0,8885,5,5,864,1,0,2,5,0,484
909,1,12589,6,5,742,2,1,3,8,1,390
910,0,11600,5,5,1105,2,0,5,12,0,480
911,0,9286,5,7,1268,1,1,3,5,0,252
912,0,6120,5,7,768,1,0,3,6,0,450
913,0,6270,5,6,1001,2,0,4,8,0,871
914,1,3000,6,5,612,2,1,2,4,0,528
915,0,2001,4,5,546,1,1,3,6,0,286
916,0,9000,2,3,480,0,0,1,4,0,308
917,0,17140,4,6,1134,1,0,3,6,0,284
918,1,13125,7,5,1104,2,1,4,8,1,833
919,1,11029,6,8,1184,1,0,3,6,1,601
920,1,8462,6,5,928,2,1,3,7,0,471
921,0,8777,5,7,1272,2,2,4,9,0,0
922,1,10237,6,5,1316,2,0,3,6,1,397
923,1,8012,6,5,1604,2,0,2,5,1,533
924,1,10240,6,6,1686,2,0,3,7,1,612
925,1,15611,5,6,1126,2,0,3,6,0,540
926,1,11999,8,5,1181,2,1,4,10,1,656
927,1,9900,7,5,832,2,1,4,9,1,486
928,1,11838,8,5,1753,2,0,3,7,1,522
929,1,13006,7,5,964,2,1,4,8,1,642
930,1,8925,8,5,1466,2,0,3,7,0,610
931,0,9100,5,6,925,1,0,2,5,0,429
932,1,11670,9,5,1905,2,0,3,8,1,788
933,1,8487,7,5,1500,2,0,3,6,0,570
934,1,27650,7,7,585,2,0,4,9,1,505
935,0,5825,4,5,600,1,0,1,5,0,528
936,1,10083,7,5,1176,2,0,2,5,0,555
937,1,9675,7,5,1113,2,1,3,8,1,689
938,1,8760,7,5,1391,2,1,3,7,0,868
939,1,24090,7,7,1032,2,0,4,10,2,349
940,0,12640,6,5,1728,2,0,4,8,0,574
941,1,8755,7,5,992,2,1,3,8,1,390
942,0,7711,4,3,1440,2,0,4,8,0,0
943,0,25000,5,4,1632,2,0,4,8,0,576
944,0,14375,6,6,819,1,0,3,7,1,525
945,0,8820,5,6,1088,1,0,2,7,0,456
946,0,8163,5,6,1144,1,0,3,6,1,796
947,1,14536,8,5,1616,2,0,3,9,1,808
948,1,14006,7,5,936,2,1,3,7,1,474
949,1,9360,6,7,1161,1,1,3,5,1,676
950,0,7200,5,8,864,1,0,3,5,0,720
951,0,7800,5,5,828,1,0,3,6,0,300
952,0,7200,5,8,768,1,0,2,5,0,396
953,1,11075,5,4,784,2,1,4,7,1,530
954,0,9400,6,5,945,2,0,4,4,0,0
955,0,7136,6,6,979,2,0,4,8,0,492
956,0,1300,6,6,561,1,1,2,5,1,462
957,0,7420,5,5,1057,1,0,3,6,0,576
958,1,8450,7,5,1337,2,0,3,6,0,531
959,0,2572,7,5,696,2,1,3,6,0,484
960,0,7207,5,7,858,1,0,2,4,0,0
961,1,12227,6,7,1330,2,1,4,11,1,619
962,0,2308,6,6,804,2,1,3,7,1,440
963,1,11923,9,5,1800,2,0,2,7,0,702
964,1,11316,7,5,817,2,1,4,8,1,510
965,1,10237,6,5,783,2,1,3,8,1,393
966,0,9600,5,7,728,1,1,2,7,2,256
967,0,7390,5,7,1098,1,0,3,6,0,260
968,0,5925,3,6,600,1,0,2,6,0,0
969,0,10382,6,5,588,1,0,2,6,0,264
970,0,10800,4,4,720,1,1,4,6,0,0
971,1,2268,7,5,764,2,0,2,6,0,474
972,0,7892,6,5,918,2,0,2,5,1,264
973,1,11639,7,5,1428,2,0,3,6,0,480
974,1,11414,7,8,728,1,0,3,8,0,532
975,1,2651,7,5,673,2,1,3,6,0,490
976,0,5900,4,7,440,1,0,2,4,0,0
977,1,4274,7,5,1241,1,1,1,4,0,569
978,0,9450,4,5,894,1,0,3,5,0,400
979,0,8816,5,6,1121,1,0,3,5,0,480
980,1,12122,7,9,944,1,0,3,6,0,588
981,1,12203,8,5,1225,2,1,4,8,1,676
982,0,3182,7,5,1266,2,0,2,6,1,388
983,1,11250,8,5,1128,2,1,4,9,1,779
984,0,10125,5,5,0,2,0,4,8,0,539
985,0,10880,5,5,1164,1,0,3,5,0,240
986,0,5310,6,8,485,1,0,2,5,0,255
987,1,10159,9,5,1930,2,1,3,8,1,606
988,1,12046,6,6,848,2,1,4,8,1,551
989,1,8125,7,5,770,2,1,3,6,0,614
990,1,9452,8,5,1396,2,1,3,7,1,870
991,1,17671,8,9,916,1,1,4,8,1,424
992,1,9760,6,8,822,2,1,3,7,1,440
993,1,8846,6,5,750,2,1,3,6,0,564
994,1,12456,10,5,1700,2,0,3,7,1,786
995,0,4712,4,7,747,1,1,3,5,0,305
996,0,10659,5,6,1050,1,0,3,6,0,368
997,1,11717,6,6,1442,2,0,2,6,1,615
998,0,9786,3,4,1007,1,0,3,6,1,210
999,1,6762,7,5,1187,2,0,2,6,0,632
1000,0,10206,3,3,0,1,0,2,4,0,528
1001,0,5400,5,6,691,1,0,2,4,0,216
1002,1,11957,8,5,1574,2,0,3,7,1,824
1003,0,11500,5,6,1680,2,0,4,8,0,528
1004,1,3182,7,5,1346,2,0,1,7,1,457
1005,0,8385,5,8,985,2,0,3,6,0,328
1006,1,12155,6,3,1657,2,0,3,7,1,484
1007,0,2217,4,4,546,1,1,3,6,0,286
1008,1,12118,7,5,1710,2,0,3,7,1,550
1009,0,6000,5,5,1008,2,0,4,7,0,0
1010,0,21286,5,5,720,2,0,4,7,1,312
1011,0,9825,5,5,0,2,0,4,8,0,0
1012,1,10592,6,7,602,1,1,3,7,2,180
1013,0,7200,5,4,1022,1,0,2,4,0,280
1014,0,11664,6,5,1082,1,0,2,5,1,240
1015,1,8400,8,6,810,2,1,3,6,0,528
1016,1,11883,7,5,1504,2,0,3,6,1,478
1017,1,5814,8,5,1220,1,0,1,4,1,565
1018,0,10784,7,5,384,2,1,3,7,1,402
1019,1,3013,7,5,1362,2,0,2,6,1,440
1020,1,7024,4,5,1132,1,1,2,5,0,451
1021,1,7406,7,5,1199,2,0,2,6,0,632
1022,0,9439,5,5,912,1,0,2,6,0,160
1023,1,3182,7,5,1346,2,0,2,7,1,437
1024,1,15498,8,6,1565,2,0,2,10,1,665
1025,0,7700,5,5,882,1,0,3,5,0,461
1026,1,9300,5,5,1268,1,0,3,6,2,461
1027,1,9520,8,5,1638,2,0,3,7,1,800
1028,0,9492,5,5,768,1,0,3,6,1,240
1029,0,1680,6,7,672,1,1,3,7,0,264
1030,0,7082,5,8,686,2,0,5,10,0,0
1031,1,15863,7,3,824,2,1,5,12,2,672
1032,1,14541,8,7,1338,2,1,5,10,1,796
1033,1,8125,7,5,1654,2,0,3,6,0,900
1034,0,6305,5,7,920,1,0,2,5,1,240
1035,0,11500,4,3,0,1,0,3,5,0,290
1036,1,12898,9,5,1620,2,0,2,6,1,912
1037,1,9240,8,5,1055,2,1,3,7,1,905
1038,0,1533,4,6,546,1,1,3,6,1,0
1039,0,1477,4,4,630,1,0,1,3,0,286
1040,0,13125,5,4,1134,2,0,3,8,1,484
1041,1,9130,6,8,800,1,1,4,7,0,484
1042,1,5381,6,5,1306,2,0,1,5,1,624
1043,1,11839,7,5,1475,2,1,4,10,1,514
1044,1,9600,8,5,2524,2,1,4,9,1,542
1045,0,13680,3,5,0,2,0,4,8,1,452
1046,1,16056,9,5,1992,3,1,4,11,1,716
1047,0,9245,5,5,990,1,0,3,5,0,672
1048,0,21750,5,4,0,1,0,3,9,1,336
1049,0,11100,4,7,0,1,0,2,6,0,308
1050,1,8993,7,5,1302,2,0,3,6,0,436
1051,1,11175,7,5,1316,2,0,3,6,1,440
1052,1,9500,6,6,816,1,1,4,9,1,540
1053,0,8562,5,6,1216,1,0,4,7,1,364
1054,1,11367,8,5,1065,2,1,3,7,1,586
1055,1,11361,6,5,1193,2,0,3,7,1,478
1056,1,7052,7,5,1364,2,0,2,6,1,484
1057,1,29959,7,6,973,2,1,3,7,1,467
1058,1,11308,9,5,1104,2,1,3,10,1,836
1059,1,11275,6,7,854,1,1,3,7,1,432
1060,1,4920,8,5,1338,2,0,2,6,0,582
1061,0,18000,3,4,894,1,0,2,6,0,1248
1062,0,13600,5,5,662,2,0,5,10,0,560
1063,0,6000,6,6,1103,1,0,2,5,1,440
1064,0,11000,5,6,1154,1,1,3,6,1,480
1065,1,14000,7,5,1306,2,1,3,7,0,533
1066,1,7837,6,7,799,2,1,3,7,1,380
1067,1,9760,6,6,780,1,1,4,7,0,442
1068,0,3964,6,4,942,2,1,5,10,1,576
1069,0,9600,5,7,845,1,0,2,4,0,576
1070,0,10152,5,5,1048,1,0,3,6,0,286
1071,0,11700,6,6,727,1,1,4,8,0,441
1072,0,7585,5,3,810,1,0,4,7,1,280
1073,0,7950,6,6,690,1,1,3,6,0,440
1074,1,8556,7,5,1240,2,0,2,5,0,826
1075,1,13125,7,6,800,1,1,3,6,2,240
1076,1,10800,5,8,796,2,0,3,7,1,566
1077,0,15870,5,5,1096,1,0,3,6,0,299
1078,0,4435,6,5,848,1,0,1,3,1,420
1079,0,8775,5,5,990,1,0,3,5,0,299
1080,0,11040,6,7,1258,2,0,3,5,0,528
1081,0,7500,5,5,1040,1,1,3,5,0,308
1082,1,8749,7,5,1459,2,0,3,6,1,527
1083,0,8800,6,6,1251,1,0,3,6,2,461
1084,1,13031,6,5,691,2,1,3,6,1,409
1085,0,9069,6,6,936,1,0,2,5,0,564
1086,0,1974,4,5,546,1,1,3,6,0,286
1087,1,10574,8,5,1082,2,1,3,9,1,1043
1088,0,2522,7,5,970,2,0,3,7,0,380
1089,1,3316,8,5,1247,1,1,1,4,1,550
1090,0,8544,3,4,0,2,0,2,6,0,400
1091,0,2160,7,5,600,2,1,2,4,0,462
1092,0,8400,6,5,1181,2,0,4,7,1,576
1093,0,9230,5,8,864,1,1,1,6,0,884
1094,0,5868,5,7,936,1,0,2,4,0,308
1095,1,9317,6,5,1314,2,0,3,6,1,440
1096,0,6882,6,7,684,1,1,3,7,0,0
1097,1,3696,8,5,1074,1,1,2,5,0,461
1098,0,6000,4,6,672,1,0,3,6,0,240
1099,0,11880,7,5,1271,2,0,3,7,1,478
1100,0,8400,2,5,290,1,0,1,3,0,246
1101,0,9758,5,5,950,1,0,3,5,0,280
1102,0,7000,5,7,1010,1,0,2,6,0,254
1103,0,8910,6,6,655,1,0,3,6,1,539
1104,0,2016,5,5,630,2,1,3,6,0,440
1105,1,12256,8,5,1463,2,1,3,9,2,712
1106,1,10357,7,5,910,2,0,3,6,1,719
1107,1,23257,7,5,868,2,1,3,9,1,422
1108,1,8063,6,5,924,2,1,3,7,1,463
1109,1,11362,8,5,1836,2,0,3,7,1,862
1110,1,8000,6,5,773,2,1,3,8,1,431
1111,1,10480,7,6,803,2,1,4,8,1,483
1112,0,7100,5,7,816,1,0,2,5,0,308
1113,0,8923,5,7,1008,1,0,2,6,0,240
1114,0,5400,5,7,833,1,0,2,4,0,326
1115,1,12085,8,5,1734,2,0,3,7,1,928
1116,1,7750,8,5,408,2,1,3,7,1,527
1117,0,9764,5,7,894,1,0,3,5,0,450
1118,0,13825,5,6,533,1,0,3,6,0,300
1119,0,7560,5,5,1040,1,0,3,6,0,286
1120,0,8263,6,5,1012,1,0,2,6,1,308
1121,1,10084,7,5,1552,2,0,3,7,0,782
1122,0,8926,4,3,672,1,0,3,5,0,288
1123,0,9405,5,9,698,1,0,2,4,0,0
1124,1,9125,7,5,384,2,1,3,7,1,392
1125,0,10434,4,5,1005,1,0,2,5,1,672
1126,1,3684,7,5,1373,2,0,2,7,1,660
1127,1,14572,7,5,1530,2,0,3,7,1,630
1128,1,11796,7,5,847,2,1,4,8,1,434
1129,0,7200,5,5,936,1,0,2,4,0,672
1130,0,7804,4,3,1122,2,0,4,7,2,576
1131,0,10712,5,5,974,1,0,3,5,0,0
1132,0,9900,6,4,1008,2,0,5,8,0,205
1133,1,9828,8,5,1128,2,1,3,8,1,466
1134,1,8773,6,5,916,2,1,3,7,1,460
1135,0,6180,6,5,960,1,0,2,5,1,180
1136,0,9600,6,5,1032,1,0,3,6,0,288
1137,0,6342,5,8,780,1,0,2,6,0,0
1138,1,9819,6,5,1567,2,0,2,5,2,714
1139,0,8731,5,5,915,1,0,3,6,1,495
1140,0,7350,5,7,952,1,0,2,4,0,840
1141,1,10304,5,7,780,2,1,4,9,1,484
1142,1,9965,8,5,1466,3,0,4,11,1,1052
1143,0,9000,5,3,1006,1,0,3,5,0,0
1144,0,12180,4,4,672,1,0,2,5,0,280
1145,0,6240,5,6,1042,1,0,3,8,1,225
1146,1,11200,6,5,1298,2,0,3,5,1,403
1147,1,12000,7,7,704,1,1,3,7,1,234
1148,0,5700,7,7,572,1,0,2,5,1,288
1149,0,9000,7,9,650,1,0,3,7,0,324
1150,0,8280,6,5,932,1,0,2,4,1,306
1151,0,17755,5,4,1466,1,1,3,6,2,528
1152,1,14115,6,7,1073,1,0,2,6,1,470
1153,0,5890,6,8,816,1,0,2,5,0,432
1154,1,13700,7,6,864,1,2,4,8,2,492
1155,1,10768,5,8,1437,2,0,3,6,1,528
1156,1,9350,5,8,1219,2,0,3,6,1,502
1157,1,5001,7,5,1314,2,0,2,6,1,626
1158,1,11932,8,5,1580,2,0,3,7,0,830
1159,1,9120,6,6,901,2,1,4,8,1,540
1160,0,2280,6,5,855,2,1,3,7,1,440
1161,1,14778,6,7,1296,1,0,3,7,1,924
1162,0,8724,5,5,894,1,0,3,5,1,450
1163,0,12900,4,4,1198,0,2,0,6,0,400
1164,1,16157,5,7,1360,1,1,2,5,1,588
1165,1,9541,7,5,1502,2,0,3,7,0,644
1166,1,10475,8,5,1694,2,0,3,7,0,776
1167,1,10852,6,5,959,2,1,3,7,1,472
1168,1,13728,6,7,1127,2,0,4,7,2,540
1169,1,35760,10,5,1930,3,1,4,10,1,807
1170,1,9880,6,6,1096,1,0,3,6,1,358
1171,0,9120,6,6,1261,1,0,3,6,1,433
1172,1,4017,7,5,625,2,1,2,5,0,625
1173,1,18030,5,6,1598,3,0,3,12,1,0
1174,1,16560,6,8,952,2,1,4,9,1,360
1175,1,10678,8,5,1683,2,1,4,9,1,541
1176,0,6951,5,5,876,1,0,3,5,0,264
1177,0,3950,6,8,818,1,0,3,5,0,210
1178,0,7681,5,6,731,1,1,3,7,1,186
1179,0,8335,5,5,0,1,0,3,5,1,0
1180,1,11170,7,5,1216,2,1,4,8,0,693
1181,1,5587,8,5,1600,2,0,2,5,1,482
1182,1,15623,10,5,2396,3,1,4,10,2,813
1183,0,10800,5,6,1120,1,0,2,5,1,720
1184,1,35133,5,4,1572,1,1,3,5,2,995
1185,0,9738,5,7,784,1,0,4,7,0,392
1186,0,10615,3,5,978,2,0,3,7,0,420
1187,1,12461,8,5,1624,2,0,2,5,1,757
1188,1,8935,7,5,831,2,1,3,7,0,493
1189,1,7500,7,5,994,2,1,3,7,1,442
1190,1,32463,4,4,1249,1,0,3,7,1,1356
1191,1,2645,8,5,776,2,1,2,5,0,492
1192,0,9600,5,8,702,1,0,3,6,0,250
1193,1,4500,6,5,1224,2,0,2,5,0,402
1194,0,9364,6,7,663,1,1,4,7,0,299
1195,1,8029,6,5,728,2,1,3,8,0,400
1196,1,14054,7,5,879,2,1,4,9,1,660
1197,0,8850,7,6,815,1,0,3,7,1,225
1198,1,9100,7,5,1212,2,0,3,6,0,573
1199,0,11235,4,5,1051,1,1,3,6,1,459
1200,0,9353,4,5,864,1,0,3,5,0,280
1201,1,10400,7,5,866,2,1,3,6,0,546
1202,0,6000,5,8,884,1,0,3,5,1,216
1203,1,9750,7,5,1630,2,0,3,6,1,451
1204,0,10140,5,6,1056,1,1,3,6,0,495
1205,1,14684,7,7,2158,2,0,3,7,1,701
1206,0,8900,4,4,1056,1,0,2,5,0,384
1207,1,9135,6,5,1682,2,0,3,7,0,544
1208,0,7763,5,7,931,1,0,3,6,0,506
1209,1,10182,8,5,1660,2,0,3,8,1,500
1210,1,11218,6,5,1055,2,1,3,8,1,462
1211,1,12134,8,7,559,2,0,4,8,0,492
1212,0,9340,4,6,672,1,0,2,4,0,234
1213,0,10246,4,9,648,0,0,0,3,0,364
1214,0,10205,5,5,925,1,0,3,6,0,300
1215,0,7094,5,5,894,1,0,3,5,0,384
1216,0,8930,6,5,0,2,0,4,8,0,539
1217,1,8640,8,5,1300,2,0,3,6,0,552
1218,0,6240,4,5,0,1,0,2,3,0,0
1219,0,1680,6,5,672,1,1,3,7,0,0
1220,0,7800,5,5,912,1,0,2,5,0,288
1221,0,8250,5,5,952,1,0,3,5,1,322
1222,0,10496,6,6,1040,2,0,3,7,1,315
1223,0,10680,5,3,2136,2,0,4,7,0,528
1224,1,15384,7,5,788,2,1,3,8,1,388
1225,0,10482,6,8,588,1,0,3,6,0,264
1226,1,14598,6,5,894,2,1,4,9,1,668
1227,0,8872,5,8,912,1,0,2,5,0,576
1228,1,8769,9,5,1702,1,1,1,7,1,1052
1229,0,7910,5,5,1075,2,0,4,7,0,404
1230,1,18890,5,5,1361,2,2,4,12,1,600
1231,0,7728,5,6,1106,1,0,3,6,0,540
1232,0,9842,4,5,0,2,0,2,6,0,462
1233,0,12160,5,5,1188,1,0,3,6,0,531
1234,0,8525,5,6,940,1,1,4,7,0,0
1235,0,13132,5,5,747,1,1,4,9,0,180
1236,1,2628,7,5,764,2,1,2,6,0,474
1237,1,12393,7,5,847,2,1,4,8,1,434
1238,0,13072,6,5,1141,1,1,3,6,0,484
1239,1,9037,8,5,1476,2,0,2,6,1,472
1240,1,8158,7,5,884,2,1,3,8,0,543
1241,1,9849,7,6,1689,2,0,3,7,0,954
1242,1,10625,7,6,1053,2,0,3,6,2,528
1243,1,13891,10,5,2076,2,1,2,7,1,850
1244,1,11435,8,7,792,1,0,3,7,2,400
1245,1,12090,6,7,585,3,1,3,7,1,477
1246,1,8125,7,5,756,2,1,3,6,0,615
1247,1,12328,6,5,1012,1,0,3,6,0,888
1248,0,9600,6,5,735,1,1,3,8,1,396
1249,0,7200,5,7,876,1,0,3,6,0,276
1250,1,11160,7,5,2110,2,1,3,8,2,522
1251,1,3136,7,5,1405,2,0,2,6,1,478
1252,0,9858,5,6,864,1,0,3,5,0,288
1253,1,17542,7,7,1192,2,1,3,9,2,518
1254,1,6931,7,5,746,2,1,3,7,1,397
1255,0,6240,6,6,884,1,0,3,6,1,560
1256,1,14303,8,5,1986,2,0,2,7,1,691
1257,0,4060,5,8,864,1,0,2,4,0,0
1258,1,9587,7,5,856,2,0,2,5,0,400
1259,0,9750,6,8,1054,1,1,3,6,0,460
1260,1,24682,6,5,841,2,1,3,7,1,502
1261,0,9600,5,6,1050,1,0,2,5,0,338
1262,0,11250,4,5,1104,1,0,5,8,2,304
1263,1,13515,6,6,764,1,0,3,8,1,520
1264,1,4060,6,5,1405,2,0,2,5,0,511
1265,1,3735,7,5,691,2,1,3,6,0,506
1266,0,10120,7,4,925,1,1,4,9,1,308
1267,1,13214,9,5,2002,2,0,3,10,1,746
1268,1,14100,8,9,728,3,1,4,11,2,1014
1269,0,11344,5,5,874,1,1,3,7,0,315
1270,1,23595,7,6,1332,0,1,0,4,1,586
1271,1,9156,6,7,1489,2,0,3,7,1,462
1272,0,13526,5,6,935,1,0,3,5,0,288
1273,1,11512,6,7,1019,1,0,2,5,1,312
1274,0,5362,5,6,661,2,0,3,8,1,552
1275,0,11345,5,5,928,2,0,4,10,0,400
1276,0,12936,6,6,723,1,1,3,6,1,497
1277,1,17871,6,5,1680,1,1,3,7,1,480
1278,1,9473,8,5,1128,2,1,3,7,1,577
1279,0,7500,4,4,698,1,0,2,6,0,528
1280,1,9808,7,5,1573,2,0,3,6,0,544
1281,1,8049,7,5,1309,2,0,2,6,1,484
1282,0,8800,5,7,1040,2,0,3,5,0,484
1283,0,9400,6,5,912,2,2,4,8,0,0
1284,1,9638,6,7,804,2,0,4,10,1,336
1285,0,6000,6,6,780,1,0,4,6,1,280
1286,0,9790,6,5,1328,1,1,3,6,2,528
1287,1,36500,5,5,1624,2,0,4,7,0,390
1288,1,5664,8,5,1501,2,0,2,5,1,499
1289,1,11065,8,5,1085,2,1,3,8,1,753
1290,1,14112,5,7,1152,1,0,3,6,1,484
1291,0,1680,5,7,630,2,1,3,6,0,264
1292,0,6600,5,4,994,2,0,4,11,0,432
1293,0,10140,7,5,832,2,1,4,8,1,528
1294,0,8172,5,7,864,1,0,2,5,0,572
1295,0,8400,5,5,1052,1,1,3,5,0,288
1296,0,8700,5,6,1120,2,0,3,6,0,525
1297,0,3675,6,5,547,2,0,2,5,0,525
1298,0,63887,10,5,6110,2,1,3,12,3,1418
1299,0,7500,5,7,1246,1,1,3,6,0,305
1300,1,10762,7,5,978,2,1,3,9,1,490
1301,1,7500,6,7,771,1,0,3,7,2,213
1302,1,10120,8,5,1165,2,1,4,8,1,844
1303,1,8688,7,5,1616,2,0,3,7,0,834
1304,0,3363,7,5,976,2,0,3,7,0,380
1305,1,13173,9,5,1652,2,0,2,6,2,840
1306,1,6955,7,5,1368,2,0,2,6,1,474
1307,0,8072,5,5,990,1,0,3,5,0,480
1308,0,12000,5,7,924,1,0,2,6,0,528
1309,1,7153,6,5,1278,2,0,3,6,0,496
1310,1,17500,7,8,1902,2,0,3,7,2,567
1311,1,8814,7,5,1274,2,0,3,6,0,508
1312,1,9572,8,5,1453,2,1,4,9,1,750
1313,1,14774,9,5,1393,2,1,4,10,1,779
1314,0,8190,4,6,948,1,0,3,5,1,280
1315,1,11075,6,5,952,2,1,4,9,2,576
1316,1,10226,8,5,1622,2,0,3,8,1,860
1317,1,4230,7,5,1352,2,0,2,5,1,466
1318,1,14781,8,5,1753,2,0,3,7,1,748
1319,0,10215,4,5,864,1,0,3,5,0,248
1320,0,8400,6,3,1478,1,1,3,6,2,442
1321,0,6627,3,6,0,1,0,2,4,0,287
1322,1,10186,7,5,750,2,1,3,8,1,564
1323,0,5330,4,7,420,1,0,2,5,0,0
1324,0,9986,8,5,1795,2,0,2,7,1,895
1325,0,3636,4,4,796,1,0,2,5,0,0
1326,0,4270,3,6,544,1,0,3,6,0,0
1327,0,6600,5,9,816,1,0,3,5,1,264
1328,1,10440,6,7,1510,2,0,5,8,2,520
1329,1,9084,7,5,935,2,1,3,8,1,462
1330,1,10000,8,5,1588,2,0,3,7,1,825
1331,0,10780,5,5,911,1,0,3,6,0,576
1332,0,8877,4,6,816,1,0,2,3,1,288
1333,0,7200,5,6,803,1,1,2,6,0,297
1334,0,2368,5,6,765,1,1,3,7,0,440
1335,1,9650,6,5,1350,2,0,2,6,1,630
1336,0,9246,5,5,1656,2,0,4,8,0,506
1337,0,4118,4,4,693,1,0,2,4,0,0
1338,1,13450,7,5,916,2,1,3,8,0,492
1339,0,9560,5,7,864,1,0,3,5,0,288
1340,0,8294,4,5,858,1,0,3,5,0,480
1341,0,13695,6,5,1114,1,0,3,6,0,576
1342,1,9375,8,5,1284,2,1,3,7,1,647
1343,1,7558,6,6,896,1,1,3,9,1,342
1344,0,11103,7,5,728,2,1,3,8,1,440
1345,0,6000,4,4,960,1,0,2,5,0,308
1346,1,20781,7,7,1568,2,0,3,9,1,508
1347,1,15306,8,5,1732,2,0,3,7,1,712
1348,1,16196,7,5,1482,2,0,3,5,1,514
1349,0,5250,8,5,684,2,0,4,8,0,0
1350,1,11643,5,5,1248,2,2,6,12,0,968
1351,1,9247,6,6,858,1,1,4,8,1,490
1352,0,6000,6,9,698,1,0,2,4,0,624
1353,1,14720,8,5,2033,2,1,4,9,1,666
1354,1,10316,7,5,992,2,1,3,7,1,839
1355,1,10192,7,6,570,3,0,4,8,1,487
1356,0,9477,5,5,864,1,0,3,5,0,264
1357,0,12537,5,6,1078,1,1,3,6,1,500
1358,1,2117,6,5,756,2,1,3,5,0,440
1359,1,16737,9,5,1980,2,0,3,8,1,770
1360,1,9842,5,6,612,3,1,4,8,0,621
1361,1,16158,7,5,1530,2,0,3,7,1,430
1362,0,12513,4,4,715,2,0,4,7,1,368
1363,0,8499,6,5,616,2,1,3,6,1,432
1364,0,3180,7,5,600,2,1,2,4,0,480
1365,1,7500,7,5,814,2,1,3,7,0,663
1366,1,9179,7,5,873,2,1,3,7,0,588
1367,0,2665,5,6,757,2,0,4,6,1,336
1368,0,4435,6,5,848,1,0,1,4,0,420
1369,1,10635,8,5,1657,2,0,3,8,1,502
1370,0,5400,4,6,840,1,0,2,6,0,338
1371,1,9600,6,6,992,1,0,3,8,1,377
1372,1,9750,7,6,1108,2,1,3,8,1,583
1373,1,11400,10,5,2633,2,1,2,8,2,804
1374,1,10625,7,5,1026,2,1,3,9,1,936
1375,1,10991,8,5,1571,2,0,3,7,1,722
1376,0,6292,6,5,768,1,0,2,4,0,160
1377,0,10998,5,5,984,2,0,3,6,0,660
1378,0,1953,6,5,483,1,1,2,5,0,264
1379,1,9735,5,5,384,2,1,3,7,0,400
1380,0,8212,3,3,864,1,0,2,5,0,200
1381,1,12925,6,7,1205,2,1,4,7,2,550
1382,0,7200,7,7,596,1,1,4,8,0,576
1383,0,25339,5,7,816,2,0,3,7,0,576
1384,0,9060,6,5,560,1,0,2,6,0,280
1385,0,5436,4,8,796,1,0,3,7,0,240
1386,1,16692,7,5,1392,3,1,5,12,2,564
1387,0,8520,6,7,714,2,0,5,10,1,216
1388,1,14892,9,5,1746,2,0,3,7,2,758
1389,0,6000,6,6,735,1,0,3,6,1,440
1390,1,9100,7,5,1525,2,0,3,6,0,541
1391,0,8944,5,5,1584,2,0,4,8,0,792
1392,0,7838,5,5,864,1,0,3,6,1,288
1393,0,10800,6,7,482,2,0,3,7,1,672
1394,1,4045,7,5,1356,2,0,2,6,1,648
1395,1,12665,8,5,1094,2,1,4,9,1,642
1396,0,57200,5,5,747,1,0,3,7,2,572
1397,0,6120,5,8,939,1,1,4,8,0,180
1398,0,7200,5,4,1208,1,1,3,7,0,240
1399,0,6171,6,6,976,2,1,3,7,1,216
1400,0,6000,6,7,862,1,0,3,5,1,208
1401,1,7415,6,5,839,2,1,3,8,1,398
1402,1,6762,7,5,1286,2,0,2,6,1,662
1403,1,15256,8,5,1485,2,0,3,6,0,754
1404,0,10410,3,4,672,1,0,3,6,0,936
1405,1,3842,8,5,1594,2,0,2,5,1,482
1406,0,8445,5,7,768,1,0,2,5,0,396
1407,0,8780,5,5,833,1,0,3,5,0,0
1408,0,7740,4,7,622,1,0,3,6,0,528
1409,1,20544,7,6,791,2,1,3,7,1,542
1410,1,12420,7,5,944,2,1,3,6,0,622
1411,0,9600,6,8,856,1,1,3,6,0,271
1412,0,7200,4,5,0,2,0,2,6,0,420
1413,1,10994,8,5,1844,2,0,2,7,1,620
1414,1,13053,6,7,833,1,1,4,8,1,370
1415,1,3635,7,5,1386,2,0,1,7,1,660
1416,0,11340,4,6,777,2,0,4,11,0,560
1417,1,16545,8,5,1284,2,1,3,7,1,1069
1418,0,9204,5,5,1144,1,1,3,6,0,336
1419,1,16381,6,5,1844,2,0,3,7,1,540
1420,1,11700,6,6,708,2,1,3,7,1,776
1421,0,4043,6,5,1069,2,0,2,4,1,440
1422,0,4435,6,5,848,1,0,1,3,0,420
1423,1,19690,6,7,697,2,0,4,8,1,432
1424,0,9503,5,5,1024,1,0,2,6,1,484
1425,0,10721,6,6,1252,1,0,3,7,0,528
1426,1,10944,7,5,1223,2,1,3,5,2,525
1427,0,10930,5,6,913,1,1,3,6,1,288
1428,0,7200,5,7,788,1,0,2,4,2,240
1429,1,12546,6,7,1440,2,0,3,7,1,467
1430,1,21930,5,5,732,2,1,4,7,1,372
1431,0,4928,6,6,958,2,0,2,5,0,440
1432,0,10800,4,6,656,2,0,4,5,0,216
1433,1,10261,6,5,936,2,1,3,8,1,451
1434,0,17400,5,5,1126,2,0,3,5,1,484
1435,1,8400,6,9,1319,1,1,3,7,1,462
1436,0,9000,4,6,864,1,0,3,5,0,528
1437,1,12444,8,5,1932,2,0,2,7,1,774
1438,0,7407,6,7,912,1,0,2,6,0,923
1439,1,11584,7,6,539,2,1,3,6,1,550
1440,1,11526,6,7,588,2,0,3,11,1,672
1441,0,4426,6,5,848,1,0,1,3,1,420
1442,1,11003,10,5,1017,2,1,3,10,1,812
1443,0,8854,6,6,952,1,0,2,4,1,192
1444,1,8500,7,5,1422,2,0,3,7,0,626
1445,0,8400,6,5,814,1,0,3,6,0,240
1446,0,26142,5,7,1188,1,0,3,6,0,312
1447,1,10000,8,5,1220,2,1,3,8,1,556
1448,0,11767,4,7,560,1,1,2,6,0,384
1449,0,1533,5,7,630,1,0,1,3,0,0
1450,0,9000,5,5,896,2,2,4,8,0,0
1451,1,9262,8,5,1573,2,0,3,7,1,840
1452,0,3675,5,5,547,1,0,2,5,0,525
1453,0,17217,5,5,1140,1,0,3,6,0,0
1454,1,7500,7,5,1221,2,0,2,6,0,400
1455,1,7917,6,5,953,2,1,3,7,1,460
1456,1,13175,6,6,1542,2,0,3,7,2,500
1457,1,9042,7,9,1152,2,0,4,9,2,252
1458,0,9717,5,6,1078,1,0,2,5,0,240
1459,0,9937,5,6,1256,1,1,3,6,0,276
